,Compound,DateTime,Neg,Neu,Pos,Source,Text,Tweets Ago
0,-0.6808,2017-12-02 15:27:24,0.732,0.268,0.0,FoxNews,"RT @Stump4TrumpPAC: President Trump: ""What has been shown is no collusion. No collusion. There's been absolutely no collusion so we're very…",1
1,0.0,2017-12-02 15:27:24,1.0,0.0,0.0,FoxNews,RT @IngrahamAngle: Franken unlikely to survive. Where does this end? https://t.co/POoZmN0I5w,2
2,-0.3818,2017-12-02 15:27:23,0.795,0.205,0.0,CNN,"RT @DollarVigilante: Once Again People are Falling for False Propaganda.
#Syria #CNN #FoxNews #FakeNews
https://t.co/atzCof56ZP https://t.c…",3
3,-0.3818,2017-12-02 15:27:23,0.795,0.205,0.0,FoxNews,"RT @DollarVigilante: Once Again People are Falling for False Propaganda.
#Syria #CNN #FoxNews #FakeNews
https://t.co/atzCof56ZP https://t.c…",4
4,0.5106,2017-12-02 15:27:23,0.732,0.0,0.268,nytimes,RT @brooklynmarie: Strong words from the NYT editorial board. https://t.co/YvIMzEwYu6,5
5,0.4215,2017-12-02 15:27:23,0.865,0.0,0.135,nytimes,"RT @AynRandPaulRyan: Here's how each Senator voted and who is up for reelection in 2018.

Choose wisely, America.

https://t.co/GoOaVbH7ZK…",6
6,-0.2263,2017-12-02 15:27:23,0.853,0.147,0.0,nytimes,RT @nytimes: Honduras Declares Curfew as Protests Over Vote Count Continue https://t.co/1MnX9ejPWd,7
7,-0.7351,2017-12-02 15:27:23,0.754,0.246,0.0,CNN,"RT @hotfunkytown: On Friday, Michael Flynn pleaded guilty to lying to FBI agents about making contact with Russian Ambassador Kislyak durin…",8
8,0.0,2017-12-02 15:27:23,1.0,0.0,0.0,nytimes,"@nytimes The “benefits” are simply property being returned to its owners, who happen to have large quantities of it taken by the government.",9
9,-0.5106,2017-12-02 15:27:23,0.732,0.268,0.0,FoxNews,@realDavidFeiner @motivateme2011 @FoxNews Donald  will probably be heading to prison.,10
10,0.0,2017-12-02 15:27:23,1.0,0.0,0.0,FoxNews,"RT @FoxNews: .@SheriffClarke on immigration reform: “The only elected official in Washington, D.C. who understands that this is a crisis…is…",11
11,0.0,2017-12-02 15:27:22,1.0,0.0,0.0,nytimes,RT @nytimes: Here's how each senator voted on the Republican tax bill https://t.co/enDEsXz0CZ,12
12,-0.2144,2017-12-02 15:27:22,0.919,0.081,0.0,FoxNews,"RT @FoxNews: .@SheriffClarke: ""Mike Flynn has his problems but this has nothing to do with the Trump campaign or the Trump administration.""…",13
13,0.2577,2017-12-02 15:27:22,0.724,0.138,0.139,FoxNews,"RT @DonnaWR8: ‘You file a lawsuit in front of a FAVORABLE JUDGE, one of 600 in the country...
??pick a judge
??file the lawsuit
??they issu…",14
14,0.0,2017-12-02 15:27:22,1.0,0.0,0.0,nytimes,RT @nytimes: Updated timeline: What we now know about Michael Flynn’s phone calls with Russia https://t.co/u5HLzR0SAh,15
15,0.0,2017-12-02 15:27:22,1.0,0.0,0.0,nytimes,RT @nytimes: These documents raise new questions about what then President-elect Trump knew about Michael Flynn’s conversations https://t.c…,16
16,-0.0258,2017-12-02 15:27:22,0.755,0.125,0.121,nytimes,"RT @TedRall: Even if Trump and his gangsters go to prison, now they'll save billions of dollars on their taxes. #Fridaynewsdump https://t.c…",17
17,-0.7351,2017-12-02 15:27:22,0.733,0.267,0.0,nytimes,@BluCollarView @StockMonsterVIP Do I need to explain why 1.414 trillion added to the deficit is a bad thing? Or how… https://t.co/teDjCfRn19,18
18,0.0,2017-12-02 15:27:22,1.0,0.0,0.0,CNN,"RT @Acosta: WH source: WH ""totally in a bubble"" in denial on Russia probe when it should be a ""red alert.""
https://t.co/esIstmAH6a",19
19,0.0,2017-12-02 15:27:22,1.0,0.0,0.0,FoxNews,RT @FoxNews: Dow milestones. https://t.co/swzLkfk3Sr,20
20,0.1531,2017-12-02 15:27:21,0.721,0.126,0.153,nytimes,RT @nytimes: James Comey quoted a Bible passage about justice on Twitter just after Michael Flynn pleaded guilty https://t.co/Ni9jnX8BJn,21
21,0.4019,2017-12-02 15:27:21,0.899,0.0,0.101,FoxNews,RT @IngrahamAngle: “Kihuen was believed to be a rising star in the party and flipped a district in Nev. last cycle from Republ to Dem. He i…,22
22,0.0,2017-12-02 15:27:21,1.0,0.0,0.0,FoxNews,RT @Itsinquotes2017: @FoxNews @POTUS Press: “Is Flynn guilty?”. DJT:”We’ll see what happens”.     News Flash: Flynn already pleaded guilty…,23
23,0.0,2017-12-02 15:27:21,1.0,0.0,0.0,nytimes,RT @ProbablyMortal: @PeterLitwin57 @nytimes @JamesStewartNYT He told you what he was. Over and over he told you what he was. You believed h…,24
24,-0.6808,2017-12-02 15:27:21,0.742,0.258,0.0,FoxNews,"RT @FoxNews: .@POTUS: ""What has been shown is no collusion. No collusion. There's been absolutely no collusion so we're very happy."" https:…",25
25,0.1695,2017-12-02 15:27:21,0.886,0.0,0.114,CNN,@Rosie @Alyssa_Milano @billmaher @MarkRuffalo @PattyArquette @chelseahandler Let me not forget @jimmykimmel @CNN an… https://t.co/zrJf0mgDAk,26
26,0.0,2017-12-02 15:27:21,1.0,0.0,0.0,CNN,"RT @CNN: 62 years ago, Rosa Parks stood up for civil rights by sitting down https://t.co/biQ5JYg89Q https://t.co/XCcL4AparB",27
27,0.8245,2017-12-02 15:27:21,0.713,0.0,0.287,nytimes,RT @syeddoha: #InjusticeWatch I couldn't be any more proud as a new member of the board of this fantastic organization and @Rick_Tulsky for…,28
28,0.1027,2017-12-02 15:27:21,0.909,0.0,0.091,BBCWorld,"RT @SimpnMild: *hasnt used paint since 5th grade*

Me: are you fuckin kidding me https://t.co/2kZGxjZsAr",29
29,-0.8924,2017-12-02 15:27:20,0.674,0.326,0.0,FoxNews,RT @wraithvenge: We need to #BuildTheWall now! Barry's regime let this rapist piece of garbage violate our borders 20 F*CKING TIMES! Barry'…,30
30,0.765,2017-12-02 15:27:20,0.691,0.0,0.309,nytimes,@nytimes Why isn’t there more debate about passthru entity benefits? Most of those benefits will certainly go to th… https://t.co/jJAbaEunGm,31
31,0.1501,2017-12-02 15:27:20,0.813,0.101,0.086,FoxNews,"RT @Lrihendry: .@dbongino on Kate Steinle not guilty verdict: ""How do you look the American people in the eye? I'm serious, if you're in th…",32
32,0.0,2017-12-02 15:27:20,1.0,0.0,0.0,FoxNews,@FoxNews @RepDeSantis Stay tuned! Follow the money!,33
33,-0.7269,2017-12-02 15:27:20,0.538,0.341,0.122,CBSNews,"RT @LynoxRN: Earl Kimrey faces charges including concealing of death, obstruction of justice, second-degree burglary, felony larceny, and p…",34
34,-0.8225,2017-12-02 15:27:20,0.377,0.514,0.108,CBSNews,@CBSNews No it was a $1.5 trillion dollar  deficit increase. Terrible and irresponsible headline,35
35,0.0,2017-12-02 15:27:20,1.0,0.0,0.0,nytimes,A Historic Tax Heist https://t.co/zueKefxXi3,36
36,0.0,2017-12-02 15:27:20,1.0,0.0,0.0,nytimes,RT @KenRoth: Saudi blockade of Yemen has left its civilians with not only cholera epidemic but now also outbreak of diphtheria--both ordina…,37
37,0.0,2017-12-02 15:27:20,1.0,0.0,0.0,nytimes,"RT @Atmaprajnananda: “Now every room is mine, and I can do as I please,” Mrs Ito said. So true.... https://t.co/AfdfntK6Bs",38
38,0.0,2017-12-02 15:27:20,1.0,0.0,0.0,CNN,"RT @ProudResister: WH Source to CNN: “The President and the White House are in a bubble when they should be in a state of red alert.”

Tran…",39
39,-0.6759,2017-12-02 15:27:20,0.508,0.34,0.152,CNN,@CNN Ridiculous! What has he done to help solve the problems he protest besides take a knee?? Does that stop social… https://t.co/e0dC12QYdE,40
40,0.8245,2017-12-02 15:27:19,0.713,0.0,0.287,nytimes,RT @syeddoha: #InjusticeWatch I couldn't be any more proud as a new member of the board of this fantastic organization and @Rick_Tulsky for…,41
41,0.0,2017-12-02 15:27:19,1.0,0.0,0.0,nytimes,https://t.co/hTDR0iUWA3,42
42,0.5423,2017-12-02 15:27:19,0.851,0.0,0.149,CNN,"RT @CNN: Former 49ers quarterback Colin Kaepernick has been named the recipient of Sports Illustrated's legacy award, which is presented in…",43
43,0.4902,2017-12-02 15:27:19,0.716,0.0,0.284,nytimes,"@rogertansey @nytimes Ah, only noticed that. Very illuminating. Thanks.",44
44,-0.4023,2017-12-02 15:27:19,0.689,0.311,0.0,CNN,RT @farwzz: I literally cannot trust anybody https://t.co/z5UFITp8uN,45
45,0.0,2017-12-02 15:27:19,1.0,0.0,0.0,CNN,"RT @standbyRM: 171202 MMA ??????? ???
#????? #BTS #?? #RM
??? ???? ??? https://t.co/ChKIfvx86T",46
46,-0.5875,2017-12-02 15:27:19,0.702,0.216,0.082,FoxNews,"RT @FoxNews: This morning, @PeteHegseth discussed the sanctuary city debate in light of the not guilty verdict in the Kate Steinle murder t…",47
47,0.2942,2017-12-02 15:27:19,0.897,0.0,0.103,FoxNews,"@atheoryofpower @FoxNews After seven months of hearings! For what it’s worth, I did not approve of the way that was… https://t.co/Y2kUSPzqpu",48
48,0.0,2017-12-02 15:27:19,1.0,0.0,0.0,nytimes,"RT @nytimes: The U.S. Senate passed the most sweeping tax rewrite in decades. The new Republican tax plan affects families, small business…",49
49,0.7184,2017-12-02 15:27:19,0.714,0.0,0.286,FoxNews,@FoxNews @POTUS He got off easy because he has valuable information for the FBI to continue on.,50
50,0.4019,2017-12-02 15:27:18,0.863,0.0,0.137,FoxNews,"@RWTrollPatrol @FoxNews @POTUS LOL/ Liberals unraveling at the seams/ Democrats are the party of old Dinosaurs, Cor… https://t.co/15zWgEoRRr",51
51,-0.6597,2017-12-02 15:27:18,0.769,0.231,0.0,FoxNews,"RT @FoxNews: .@RepDeSantis: ""I've not seen any evidence and nobody has seen evidence of actual criminal offense involving Trump's campaign…",52
52,0.0,2017-12-02 15:27:18,1.0,0.0,0.0,FoxNews,"RT @MMoorberg: A Yuge Victory For The American People!!
Senate passes major tax reform package via the @FoxNews app https://t.co/ENhjKMVh1n",53
53,0.0,2017-12-02 15:27:18,1.0,0.0,0.0,nytimes,"RT @nytimes: The U.S. Senate passed the most sweeping tax rewrite in decades. The new Republican tax plan affects families, small business…",54
54,0.0,2017-12-02 15:27:18,1.0,0.0,0.0,nytimes,RT @greenhousenyt: NYT Editorial: This Was A Historic Tax Heist in which Billionaire GOP Campaign  Donors Pick Our Children's and Grandchil…,55
55,0.0,2017-12-02 15:27:18,1.0,0.0,0.0,nytimes,@nytimes @SalvadorAlianza Fraude ??,56
56,0.8245,2017-12-02 15:27:18,0.713,0.0,0.287,nytimes,RT @syeddoha: #InjusticeWatch I couldn't be any more proud as a new member of the board of this fantastic organization and @Rick_Tulsky for…,57
57,0.8245,2017-12-02 15:27:18,0.713,0.0,0.287,nytimes,RT @syeddoha: #InjusticeWatch I couldn't be any more proud as a new member of the board of this fantastic organization and @Rick_Tulsky for…,58
58,0.0,2017-12-02 15:27:18,1.0,0.0,0.0,FoxNews,"RT @johncannon: Sessions: Trump, DOJ Doing Everything Possible to Reverse Sanctuary City Policies https://t.co/4vwjtVkjVw",59
59,0.0,2017-12-02 15:27:18,1.0,0.0,0.0,CNN,RT @jljacobson: @GOP @SenateMajLdr @SpeakerRyan @realDonaldTrump @MarkHalperin @NPR @MSNBC @CNN @BreitbartNews @hughhewitt @brithume And no…,60
60,0.0,2017-12-02 15:27:18,1.0,0.0,0.0,CNN,@ZimmermanRob @CNN @CNNnewsroom @NewDay @VictorBlackwell @Christi_Paul @AprilDRyan @JackKingston @CNNPolitics… https://t.co/f8UAbZ2GOp,61
61,0.0,2017-12-02 15:27:18,1.0,0.0,0.0,CNN,"RT @mustafahos: man belgeleri aç?klan?rken ana ak?m (ntv/cnn/habertürk) bilinen haber kanallar?n?n hali..
""ç?k?n yay?ndan talimat?"" geliyor…",62
62,0.0,2017-12-02 15:27:17,1.0,0.0,0.0,CNN,"RT @CNNEE: En 1965, fue encarcelada por negarse a ceder su asiento a un hombre blanco. Pero su desobediencia resultó histórica...
https://t…",63
63,0.7351,2017-12-02 15:27:17,0.78,0.0,0.22,FoxNews,RT @FoxNews: .@SheriffClarke: “Push is going to have to come to shove for the United States Department of Justice. There are federal laws t…,64
64,-0.3182,2017-12-02 15:27:17,0.887,0.113,0.0,FoxNews,RT @AllRiseAmerica: @TuckerCarlson @mar0593 @FoxNews So in a Sanctuary City you are providing protection to illegal immigrants but you are…,65
65,-0.296,2017-12-02 15:27:17,0.896,0.104,0.0,FoxNews,"@FoxNews @POTUS If you say ""no collusion"" three times in the mirror Bob Muller appears and throws you in jail.",66
66,0.4019,2017-12-02 15:27:17,0.748,0.0,0.252,nytimes,"Pasteles, a Puerto Rican Tradition, Have a Special Savor Now https://t.co/rgt1xDJ3fA",67
67,0.0,2017-12-02 15:27:17,1.0,0.0,0.0,FoxNews,RT @FoxNews: Dow milestones. https://t.co/swzLkfk3Sr,68
68,0.8245,2017-12-02 15:27:17,0.713,0.0,0.287,nytimes,RT @syeddoha: #InjusticeWatch I couldn't be any more proud as a new member of the board of this fantastic organization and @Rick_Tulsky for…,69
69,-0.2263,2017-12-02 15:27:17,0.853,0.147,0.0,nytimes,RT @nytimes: Honduras Declares Curfew as Protests Over Vote Count Continue https://t.co/1MnX9ejPWd,70
70,0.0,2017-12-02 15:27:17,1.0,0.0,0.0,nytimes,"RT @nytimes: The U.S. Senate passed the most sweeping tax rewrite in decades. The new Republican tax plan affects families, small business…",71
71,0.0,2017-12-02 15:27:17,1.0,0.0,0.0,nytimes,RT @KenRoth: Saudi blockade of Yemen has left its civilians with not only cholera epidemic but now also outbreak of diphtheria--both ordina…,72
72,0.0,2017-12-02 15:27:17,1.0,0.0,0.0,nytimes,RT @nytimes: Here's how each senator voted on the Republican tax bill https://t.co/enDEsXz0CZ,73
73,0.34,2017-12-02 15:27:17,0.902,0.0,0.098,nytimes,"RT @nytimes: Who gains from the U.S. Republican tax plan? Two economists, one from each side of the debate, make their cases. https://t.co/…",74
74,-0.8483,2017-12-02 15:27:17,0.649,0.351,0.0,nytimes,RT @neeratanden: A little history here: Congress passed a Catastrophic Coverage bill that made folks so angry they protested in the streets…,75
75,0.0,2017-12-02 15:27:17,1.0,0.0,0.0,CNN,Smalltit american tgirl jerking her bbc on CNN Tuga - Shemale Tube - https://t.co/LIw8zG0pkN https://t.co/dlZH0PSUIA,76
76,0.8245,2017-12-02 15:27:17,0.713,0.0,0.287,nytimes,RT @syeddoha: #InjusticeWatch I couldn't be any more proud as a new member of the board of this fantastic organization and @Rick_Tulsky for…,77
77,0.34,2017-12-02 15:27:17,0.876,0.0,0.124,nytimes,"@nytimes Holtz-Eakin is several times apologetic and sells the bill rather than giving it a review, while Clausing… https://t.co/LostK4fZCf",78
78,0.0,2017-12-02 15:27:17,1.0,0.0,0.0,nytimes,RT @nytopinion: The Senate passed a tax bill confirming that the Republican leaders’ primary goal is to enrich the country’s elite at the e…,79
79,0.4576,2017-12-02 15:27:16,0.885,0.0,0.115,FoxNews,"RT @JohnJamesMI: LIVE: ""I will absolutely support Kate's Law and I will absolutely bring an end to sanctuary cities when I get to the US Se…",80
80,0.7955,2017-12-02 15:27:16,0.718,0.0,0.282,FoxNews,RT @RealDrGina: Hoping the House version wins in conference! The senate bill has some hidden demons... #TaxBill #TaxReformNow #maga! @realD…,81
81,0.4215,2017-12-02 15:27:16,0.859,0.0,0.141,CBSNews,@CBSNews Unfucking followable and watchable anymore.  CBS the hallmark of Journalism is now a click bait shitshow. Nice work.,82
82,0.0,2017-12-02 15:27:16,1.0,0.0,0.0,FoxNews,RT @FoxNews: Senate panel seeks 'all records' of payouts for lawmakers' alleged misdeeds https://t.co/7Yn9jdmzuI,83
83,0.0,2017-12-02 15:27:16,1.0,0.0,0.0,CNN,"RT @CNNEE: ÚLTIMA HORA
Anuncian restricciones de derechos civiles en Honduras https://t.co/O7CxeNTLkU

Hay toque de queda a partir de las 1…",84
84,0.0,2017-12-02 15:27:16,1.0,0.0,0.0,CNN,"RT @standbyRM: 171202 MMA ??????? ???
#????? #BTS #?? #RM
BTS ??? ????????? https://t.co/7hFYwelqPY",85
85,0.1027,2017-12-02 15:27:16,0.909,0.0,0.091,BBCWorld,"RT @SimpnMild: *hasnt used paint since 5th grade*

Me: are you fuckin kidding me https://t.co/2kZGxjZsAr",86
86,0.0,2017-12-02 15:27:16,1.0,0.0,0.0,CNN,Smalltit american tgirl jerking her bbc on CNN Tuga - Shemale Tube - https://t.co/kVuxSZnVIs https://t.co/2DPtSVsk4N,87
87,0.0,2017-12-02 15:27:16,1.0,0.0,0.0,nytimes,"Uno ya lo sabía, por supuesto, pero duele aún más cuando nos balconean desde fuera: nuestro Gobierno es... https://t.co/wY7gPyXhax",88
88,0.34,2017-12-02 15:27:16,0.902,0.0,0.098,nytimes,"RT @nytimes: Who gains from the U.S. Republican tax plan? Two economists, one from each side of the debate, make their cases. https://t.co/…",89
89,0.3612,2017-12-02 15:27:16,0.751,0.081,0.168,nytimes,"@nytimes Why did your earlier headline call it a ""win"".  I pay your salary.  Do better, @nytimes",90
90,0.5574,2017-12-02 15:27:15,0.753,0.0,0.247,nytimes,RT @ramzpaul: Homosexual priest urges us to pray that a 4 year old boy will embrace sodomy. https://t.co/ku97kOojSg,91
91,-0.1177,2017-12-02 15:27:15,0.702,0.162,0.137,CNN,"FYI for the Sunday Talking Points: 

Obama's Deficit was $10 Trillion!

@NancyPelosi @SenSchumer @SenWarren… https://t.co/SKiyQyy9i2",92
92,0.0,2017-12-02 15:27:15,1.0,0.0,0.0,CNN,"RT @CNN: This is one of thousands of giant sinkholes in Greenland, where water is draining through the ice sheet into the ocean, contributi…",93
93,0.34,2017-12-02 15:27:15,0.902,0.0,0.098,nytimes,"RT @nytimes: Who gains from the U.S. Republican tax plan? Two economists, one from each side of the debate, make their cases. https://t.co/…",94
94,0.0,2017-12-02 15:27:15,1.0,0.0,0.0,nytimes,"RT @nytimes: The U.S. Senate passed the most sweeping tax rewrite in decades. The new Republican tax plan affects families, small business…",95
95,0.0,2017-12-02 15:27:15,1.0,0.0,0.0,nytimes,"RT @mrossano6970: Opinion | A Historic Tax Heist https://t.co/yHiwdkBdDq
??????",96
96,-0.2263,2017-12-02 15:27:15,0.853,0.147,0.0,nytimes,RT @nytimes: Honduras Declares Curfew as Protests Over Vote Count Continue https://t.co/1MnX9ejPWd,97
97,0.8245,2017-12-02 15:27:15,0.713,0.0,0.287,nytimes,RT @syeddoha: #InjusticeWatch I couldn't be any more proud as a new member of the board of this fantastic organization and @Rick_Tulsky for…,98
98,0.0,2017-12-02 15:27:15,1.0,0.0,0.0,FoxNews,RT @EricTrump: #MakeAmericaGreatAgain!!! ?????? https://t.co/ZKQrpc8Mmx,99
99,0.0,2017-12-02 15:27:15,1.0,0.0,0.0,FoxNews,@FoxNews @realDonaldTrump Let’s Go!!!,100
100,-0.1027,2017-12-02 15:27:15,0.688,0.165,0.147,nytimes,RT @Tahoesquaw1: How Russia Successfully Harvested American Rage to Reshape U.S. Politics in the 2016 Elections.  https://t.co/mlqACiok2u,101
101,0.0,2017-12-02 15:27:14,1.0,0.0,0.0,FoxNews,@Eagleeyes93028 @N_e_w_s_360 @FoxNews  https://t.co/8RADqYMO7h,102
102,0.0,2017-12-02 15:27:14,1.0,0.0,0.0,nytimes,"RT @nytimes: The U.S. Senate passed the most sweeping tax rewrite in decades. The new Republican tax plan affects families, small business…",103
103,0.8245,2017-12-02 15:27:14,0.713,0.0,0.287,nytimes,RT @syeddoha: #InjusticeWatch I couldn't be any more proud as a new member of the board of this fantastic organization and @Rick_Tulsky for…,104
104,-0.1695,2017-12-02 15:27:14,0.923,0.077,0.0,BBCWorld,RT @ThankYouFromCat: SPAIN'S democracy: peacefull people wearing a yellow tie are not allow to walk near a hotel where President Rajoy is h…,105
105,0.4926,2017-12-02 15:27:14,0.862,0.0,0.138,nytimes,"Good for them!

""The fiber network will bring connection speeds of 200 gigabits per second to the village, among th… https://t.co/pbpRsuz4bf",106
106,-0.2263,2017-12-02 15:27:14,0.853,0.147,0.0,nytimes,RT @nytimes: Honduras Declares Curfew as Protests Over Vote Count Continue https://t.co/1MnX9ejPWd,107
107,0.5106,2017-12-02 15:27:14,0.752,0.0,0.248,FoxNews,RT @USABookClub: Kudos to the #Leadership of @POTUS @realDonaldTrump ... https://t.co/CAOpoTzqCD,108
108,-0.2263,2017-12-02 15:27:14,0.853,0.147,0.0,nytimes,RT @nytimes: Honduras Declares Curfew as Protests Over Vote Count Continue https://t.co/1MnX9ejPWd,109
109,0.0,2017-12-02 15:27:14,1.0,0.0,0.0,CNN,Smalltit american tgirl jerking her bbc on CNN Tuga - Shemale Tube - https://t.co/RPaD7fbK9q https://t.co/msz6RiPCPB,110
110,0.8245,2017-12-02 15:27:14,0.713,0.0,0.287,nytimes,RT @syeddoha: #InjusticeWatch I couldn't be any more proud as a new member of the board of this fantastic organization and @Rick_Tulsky for…,111
111,0.4215,2017-12-02 15:27:14,0.865,0.0,0.135,nytimes,The end result of years of voter suppression and Citizens United. The corporate takeover of the American government… https://t.co/Zn4fX2eRfV,112
112,0.0,2017-12-02 15:27:14,1.0,0.0,0.0,CNN,@Acliffe @JackKingston @CNN  https://t.co/P0hclZVnd1,113
113,0.0,2017-12-02 15:27:13,1.0,0.0,0.0,CNN,"RT @blueskydriving: @CNN They know it won’t work in the long run .. meanwhile, they bring overseas money home, eliminate the Estate Tax, an…",114
114,0.4404,2017-12-02 15:27:13,0.854,0.0,0.146,nytimes,"RT @Brizzyc: ""Mr. Trump’s plans add up to the largest elimination of protected areas in American history."" https://t.co/esWBKvYHuW",115
115,0.8245,2017-12-02 15:27:13,0.713,0.0,0.287,nytimes,RT @syeddoha: #InjusticeWatch I couldn't be any more proud as a new member of the board of this fantastic organization and @Rick_Tulsky for…,116
116,0.0,2017-12-02 15:27:13,1.0,0.0,0.0,CNN,"RT @chrisdonovan: Lindsey Graham on CNN:“U know what concerns me abt the American press is this endless, endless attempt to label the guy a…",117
117,-0.2023,2017-12-02 15:27:13,0.724,0.154,0.122,CNN,RT @jerome_corsi: ABC News corrects bombshell Flynn report FAKE NEWS. TRUTH = Trump told FLYNN to contact RUSSIA AFTER ELECTION https://t.c…,118
118,0.34,2017-12-02 15:27:13,0.87,0.0,0.13,CNN,RT @Emolclause: .@SenatorCollins says she voted for.@GOP #TaxBill ONLY AFTER getting assurances from .@SenateMajLdr &amp;.@SpeakerRyan that the…,119
119,-0.0314,2017-12-02 15:27:13,0.535,0.237,0.228,CNN,@cmelchione @CNN You're wrong. Most economists support the bill,120
120,0.5423,2017-12-02 15:27:13,0.851,0.0,0.149,CNN,"RT @CNN: Former 49ers quarterback Colin Kaepernick has been named the recipient of Sports Illustrated's legacy award, which is presented in…",121
121,0.1027,2017-12-02 15:27:13,0.909,0.0,0.091,BBCWorld,"RT @SimpnMild: *hasnt used paint since 5th grade*

Me: are you fuckin kidding me https://t.co/2kZGxjZsAr",122
122,0.5719,2017-12-02 15:27:13,0.778,0.0,0.222,CNN,RT @CNNTravel: World's prettiest Starbucks? New Kyoto outlet set inside 100-year-old townhouse: https://t.co/vlSdeIy8B8 https://t.co/avVyPP…,123
123,-0.5729,2017-12-02 15:27:13,0.637,0.251,0.112,FoxNews,"@dnvn111 @FoxNews Another “Lol, liberal tears” idiot who is more interested in how this bill will hurt the opposing… https://t.co/3oMNv37oyp",124
124,-0.6808,2017-12-02 15:27:13,0.708,0.292,0.0,FoxNews,"President Trump: ""What has been shown is no collusion. No collusion. There's been absolutely no collusion so we're… https://t.co/4YxboCkvfk",125
125,-0.2023,2017-12-02 15:27:12,0.724,0.154,0.122,CNN,RT @jerome_corsi: ABC News corrects bombshell Flynn report FAKE NEWS. TRUTH = Trump told FLYNN to contact RUSSIA AFTER ELECTION https://t.c…,126
126,0.1027,2017-12-02 15:27:12,0.909,0.0,0.091,BBCWorld,"RT @SimpnMild: *hasnt used paint since 5th grade*

Me: are you fuckin kidding me https://t.co/2kZGxjZsAr",127
127,0.4767,2017-12-02 15:27:12,0.795,0.0,0.205,CNN,Donald Trump Jr. to talk to House Intelligence Committee behind closed doors ? https://t.co/8dfQyqpGh3,128
128,-0.296,2017-12-02 15:27:12,0.896,0.104,0.0,CNN,"RT @oldandydufresne: @JohnCassidy @yashar .@cnn &amp; .@MSNBC refused to cover the #GOPTaxScam before the re-runs began to air anyways. 

They…",129
129,0.0,2017-12-02 15:27:12,1.0,0.0,0.0,nytimes,"?The U.S. Senate passed the most sweeping tax rewrite in decades. The new Republican tax plan affects families, sma… https://t.co/fkDRrlcjHb",130
130,0.0,2017-12-02 15:27:12,1.0,0.0,0.0,nytimes,See How Every Senator Voted on the Republican Tax Bill - The New York Times https://t.co/7jlVOIKGrD,131
131,-0.2732,2017-12-02 15:27:12,0.633,0.168,0.198,nytimes,"RT @stopthenutjob: This is an excellent, important article but it's important to remember that the NYT's itself is a culture of hate for Cl…",132
132,0.8245,2017-12-02 15:27:12,0.713,0.0,0.287,nytimes,RT @syeddoha: #InjusticeWatch I couldn't be any more proud as a new member of the board of this fantastic organization and @Rick_Tulsky for…,133
133,0.8245,2017-12-02 15:27:12,0.713,0.0,0.287,nytimes,RT @syeddoha: #InjusticeWatch I couldn't be any more proud as a new member of the board of this fantastic organization and @Rick_Tulsky for…,134
134,0.0,2017-12-02 15:27:12,1.0,0.0,0.0,nytimes,"RT @nytimes: The U.S. Senate passed the most sweeping tax rewrite in decades. The new Republican tax plan affects families, small business…",135
135,-0.5423,2017-12-02 15:27:12,0.821,0.179,0.0,nytimes,RT @nytimesworld: Eight donkeys in India spent four days in jail. Their crime: devouring expensive saplings. https://t.co/XPdpH4Fzg9,136
136,0.0,2017-12-02 15:27:12,1.0,0.0,0.0,nytimes,"RT @nytimes: The U.S. Senate passed the most sweeping tax rewrite in decades. The new Republican tax plan affects families, small business…",137
137,0.5367,2017-12-02 15:27:12,0.822,0.0,0.178,FoxNews,@WokeQueen6 @danmwiner @FoxNews When everyone pays more for medical care and education you'll have a more difficult… https://t.co/uKsEGl2M6p,138
138,0.7955,2017-12-02 15:27:12,0.718,0.0,0.282,FoxNews,RT @RealDrGina: Hoping the House version wins in conference! The senate bill has some hidden demons... #TaxBill #TaxReformNow #maga! @realD…,139
139,0.0,2017-12-02 15:27:12,1.0,0.0,0.0,FoxNews,RT @FoxNews: Dow milestones. https://t.co/swzLkfk3Sr,140
140,0.0,2017-12-02 15:27:11,1.0,0.0,0.0,FoxNews,RT @TuckerCarlson: AG Sessions: @realDonaldTrump is doing everything possible to get sanctuary cities to reverse their policies. They shoul…,141
141,0.0,2017-12-02 15:27:11,1.0,0.0,0.0,CNN,RT @roadmancode: How is this woman getting UK citizenship so quickly when bossman in the chicken shop gotta run when immigration come. Mans…,142
142,-0.3818,2017-12-02 15:27:11,0.692,0.204,0.104,FoxNews,"@FoxNews @realDonaldTrump Not 1 Darn Dem voted in favor of Tax Cuts fore the people, what’s that tell you. Sad day… https://t.co/EFbV8kFmnL",143
143,0.6863,2017-12-02 15:27:11,0.563,0.0,0.437,FoxNews,@FoxNews @POTUS Yup! So far so good!,144
144,0.0,2017-12-02 15:27:11,1.0,0.0,0.0,nytimes,RT @nytimes: She was using her downstairs bathroom when she felt a bite. She jumped up to see a python emerging from her toilet. https://t.…,145
145,-0.4215,2017-12-02 15:27:11,0.887,0.113,0.0,FoxNews,"RT @FoxNews: Moments before he departed Joint Base Andrews for NYC, @POTUS gave his first comments on Michael Flynn pleading guilty to lyin…",146
146,0.7351,2017-12-02 15:27:11,0.78,0.0,0.22,FoxNews,RT @FoxNews: .@SheriffClarke: “Push is going to have to come to shove for the United States Department of Justice. There are federal laws t…,147
147,0.8555,2017-12-02 15:27:11,0.68,0.0,0.32,CNN,"RT @samerchant: Wow. Voyager still going strong. But in 40,000 years I’m sure mankind will have built technology to travel 1.7 light years…",148
148,0.4588,2017-12-02 15:27:11,0.588,0.118,0.294,nytimes,"@notibomba @nytimes SOS help us please, we are alone in Honduras.. @jorgeramosnews @CNN",149
149,-0.4215,2017-12-02 15:27:11,0.896,0.104,0.0,nytimes,"RT @peterbakernyt: Trump to keep US embassy in Tel Aviv for now but will recognize Jerusalem as the capital of Israel, something no other p…",150
150,0.8245,2017-12-02 15:27:11,0.713,0.0,0.287,nytimes,RT @syeddoha: #InjusticeWatch I couldn't be any more proud as a new member of the board of this fantastic organization and @Rick_Tulsky for…,151
151,0.4588,2017-12-02 15:27:11,0.588,0.118,0.294,CNN,"@notibomba @nytimes SOS help us please, we are alone in Honduras.. @jorgeramosnews @CNN",152
152,-0.4215,2017-12-02 15:27:11,0.741,0.259,0.0,CNN,Two Russian lawmakers dismiss Michael Flynn's guilty plea. https://t.co/nUJ6ZX8D8L,153
153,0.0,2017-12-02 15:27:10,1.0,0.0,0.0,CNN,RT @jljacobson: @GOP @SenateMajLdr @SpeakerRyan @realDonaldTrump @MarkHalperin Every single outlet from @NPR to @ @MSNBC to @CNN who brough…,154
154,0.1027,2017-12-02 15:27:10,0.909,0.0,0.091,BBCWorld,"RT @SimpnMild: *hasnt used paint since 5th grade*

Me: are you fuckin kidding me https://t.co/2kZGxjZsAr",155
155,0.5574,2017-12-02 15:27:10,0.753,0.0,0.247,nytimes,RT @ramzpaul: Homosexual priest urges us to pray that a 4 year old boy will embrace sodomy. https://t.co/ku97kOojSg,156
156,0.34,2017-12-02 15:27:10,0.902,0.0,0.098,nytimes,"RT @nytimes: Who gains from the U.S. Republican tax plan? Two economists, one from each side of the debate, make their cases. https://t.co/…",157
157,-0.4215,2017-12-02 15:27:10,0.823,0.177,0.0,nytimes,"nyligen läst; Generation Grumpy: Why You May Be Unhappy if You’re Around 50

https://t.co/9vQqUr28Gh",158
158,0.0,2017-12-02 15:27:10,1.0,0.0,0.0,nytimes,THE NEW YORK TIMES: The U.S. Senate passed the most sweeping tax rewrite in decades. The new Republican tax plan af… https://t.co/jg2l7RJLN7,159
159,0.4215,2017-12-02 15:27:10,0.843,0.0,0.157,CNN,RT @thehill: White House claims Obama admin approved Flynn calls with Russian ambassador: report https://t.co/dr21WU4Vgm https://t.co/wrm9Q…,160
160,0.0,2017-12-02 15:27:10,1.0,0.0,0.0,FoxNews,"RT @AMike4761: The vote was 51-49, with Republican BOB CORKER of Tennessee the only member of the GOP to side with the Democrats in opposit…",161
161,-0.6369,2017-12-02 15:27:10,0.588,0.412,0.0,FoxNews,@FoxNews Do NOT betray the DACA kids,162
162,0.0,2017-12-02 15:27:10,1.0,0.0,0.0,FoxNews,RT @FoxNews: Dow milestones. https://t.co/swzLkfk3Sr,163
163,-0.8483,2017-12-02 15:27:10,0.649,0.351,0.0,nytimes,RT @neeratanden: A little history here: Congress passed a Catastrophic Coverage bill that made folks so angry they protested in the streets…,164
164,0.0,2017-12-02 15:27:10,1.0,0.0,0.0,FoxNews,Senate passes tax reform bill: Here's how it affects you https://t.co/kaLkn8CHot #FoxNews,165
165,-0.296,2017-12-02 15:27:10,0.901,0.099,0.0,CNN,"RT @nolecreemosaRCN: Donde están las cámaras de CNN, RCN y Caracol denunciando el fraude en Honduras?

Una semana después y no hay resultad…",166
166,0.0,2017-12-02 15:27:10,1.0,0.0,0.0,CNN,"RT @CNNEE: Decretan toque de queda en #Honduras tras disturbios poselectorales 

https://t.co/v41zGGr9lL https://t.co/lxvWcS2Zz8",167
167,-0.5994,2017-12-02 15:27:10,0.558,0.299,0.143,CNN,RT @spxncxrx: You either die a hero or live long enough to see yourself become the villain. https://t.co/22Mt0ZJGnz,168
168,-0.2732,2017-12-02 15:27:09,0.9,0.1,0.0,CBSNews,"RT @kylegriffin1: The White House's proposed budget cut to HIV/AIDS efforts could result in millions of new AIDS-related infections, accord…",169
169,-0.7378,2017-12-02 15:27:09,0.489,0.511,0.0,FoxNews,@FoxNews # 0BAMA DOUBLE THE COP KILLINGS.,170
170,0.34,2017-12-02 15:27:09,0.902,0.0,0.098,nytimes,"RT @nytimes: Who gains from the U.S. Republican tax plan? Two economists, one from each side of the debate, make their cases. https://t.co/…",171
171,0.8245,2017-12-02 15:27:09,0.713,0.0,0.287,nytimes,RT @syeddoha: #InjusticeWatch I couldn't be any more proud as a new member of the board of this fantastic organization and @Rick_Tulsky for…,172
172,0.0,2017-12-02 15:27:09,1.0,0.0,0.0,nytimes,"RT @nytimesmusic: As awareness of inequalities in jazz grows, a quorum of women who fully expect to be heard has been speaking louder https…",173
173,0.0,2017-12-02 15:27:09,1.0,0.0,0.0,nytimes,"""Barca Held 2-2 by Celta, Messi Ends Goal Drought"" by REUTERS via NYT https://t.co/k2guWu6rJC",174
174,0.0,2017-12-02 15:27:09,1.0,0.0,0.0,CNN,@DingoVX @jsiterlet @CangrenaInk @JayRozas @CNN Then go there oussy,175
175,-0.6705,2017-12-02 15:27:09,0.78,0.22,0.0,FoxNews,RT @TuckerCarlson: The only reason Kate Steinle was killed is because San Francisco is a #SanctuaryCity #Tucker @FoxNews,176
176,-0.4023,2017-12-02 15:27:09,0.689,0.311,0.0,CNN,RT @farwzz: I literally cannot trust anybody https://t.co/z5UFITp8uN,177
177,0.0,2017-12-02 15:27:09,1.0,0.0,0.0,CNN,"RT @Trumpfan1995: Shepherd Smith is that rotting garbage smell that just won’t go away.

Why does @FoxNews still employ him?

He is the ver…",178
178,0.0,2017-12-02 15:27:09,1.0,0.0,0.0,FoxNews,"RT @Trumpfan1995: Shepherd Smith is that rotting garbage smell that just won’t go away.

Why does @FoxNews still employ him?

He is the ver…",179
179,0.4404,2017-12-02 15:27:09,0.879,0.0,0.121,CNN,"RT @anandmahindra: And as the new Formula E season blasts off, with a podium finish for @MahindraRacing a good time to be recognised for be…",180
180,-0.1531,2017-12-02 15:27:09,0.849,0.151,0.0,CNN,Yemen rebel leader to Saudis: Let's 'turn the page' https://t.co/JCVq2XWopF,181
181,0.0,2017-12-02 15:27:09,1.0,0.0,0.0,CNN,"RT @CNNIndonesia: Absen di Reuni 212, Sandiaga Sebut Tak Dapat Restu Gerindra https://t.co/ZuKQ8cWDe9 https://t.co/zHC32fhBCW",182
182,0.8126,2017-12-02 15:27:09,0.682,0.0,0.318,CNN,"RT @Cernovich: Have mainstream liberals disavowed ANTIFA?

The media sure hasn't. Van Jones called them good people, CNN praised them.

Unt…",183
183,-0.4215,2017-12-02 15:27:08,0.797,0.203,0.0,FoxNews,"@Richard3477 @screwed_up_chic @FoxNews @SheriffClarke If it’s a lie, why did he plead guilty?",184
184,-0.6908,2017-12-02 15:27:08,0.759,0.241,0.0,CNN,RT @brianstelter: ABC's outrageous error: Will there be disciplinary action? The network declined to say when @oliverdarcy asked. Details i…,185
185,-0.4588,2017-12-02 15:27:08,0.351,0.412,0.237,nytimes,"@nytimes Reconciliation will kill it, hopefully.",186
186,-0.3818,2017-12-02 15:27:08,0.902,0.098,0.0,nytimes,RT @Rbrutti: The Senate voted 63 years ago today to condemn Joseph R. McCarthy of Wisconsin for conduct that tends to bring the Senate into…,187
187,0.7351,2017-12-02 15:27:08,0.78,0.0,0.22,FoxNews,RT @FoxNews: .@SheriffClarke: “Push is going to have to come to shove for the United States Department of Justice. There are federal laws t…,188
188,0.5859,2017-12-02 15:27:08,0.798,0.0,0.202,nytimes,RT @nytimes: Scallops see their world with hundreds of eyes — and each one is amazing https://t.co/B9g4g1vimR,189
189,0.2023,2017-12-02 15:27:08,0.667,0.133,0.2,nytimes,"RT @melissakchan: @rob_schmitz With all due respect, Rob, I think journalists own the headlines, too. I am sure the NYTimes and NPR pieces/…",190
190,0.0,2017-12-02 15:27:08,1.0,0.0,0.0,CNN,"RT @CNN: This is one of thousands of giant sinkholes in Greenland, where water is draining through the ice sheet into the ocean, contributi…",191
191,0.3182,2017-12-02 15:27:08,0.796,0.0,0.204,FoxNews,@FoxNews Here is my chart; can you post please https://t.co/zMGBT2kNFg,192
192,0.7351,2017-12-02 15:27:08,0.78,0.0,0.22,FoxNews,RT @FoxNews: .@SheriffClarke: “Push is going to have to come to shove for the United States Department of Justice. There are federal laws t…,193
193,0.0,2017-12-02 15:27:08,1.0,0.0,0.0,CNN,https://t.co/knIjtFk0WQ : 77e16cb5-f2a8-4c7f-88fb-895f61652844,194
194,-0.5859,2017-12-02 15:27:07,0.758,0.242,0.0,FoxNews,Massive New York fire started by amateur bladesmith attempting to imitate History Channel's 'Forged in Fire' https://t.co/kaSiuYskjr,195
195,-0.8483,2017-12-02 15:27:07,0.649,0.351,0.0,nytimes,RT @neeratanden: A little history here: Congress passed a Catastrophic Coverage bill that made folks so angry they protested in the streets…,196
196,0.0,2017-12-02 15:27:07,1.0,0.0,0.0,CNN,https://t.co/agNvKpwbRA : 93c08f76-f0c2-4580-a1b6-85355b65eab0,197
197,0.0,2017-12-02 15:27:07,1.0,0.0,0.0,CNN,#Honduras Honduran opposition candidate: Curfew equivalent to 'coup' https://t.co/mtutlPBSUi,198
198,-0.4019,2017-12-02 15:27:07,0.847,0.153,0.0,CNN,RT @JackPosobiec: In the shocking season finale to 2017 we learn ABC is faker than CNN,199
199,0.5267,2017-12-02 15:27:07,0.673,0.0,0.327,FoxNews,@SheriffClarke @seanhannity @FoxNews @kimguilfoyle @foxandfriends @FoxBusiness @AmericaFirstPAC Sexy,200
200,0.0,2017-12-02 15:27:07,1.0,0.0,0.0,nytimes,RT @splcenter: The bill was handwritten by lobbyists— reportedly the first time a handwritten bill passed the Senate since the invention of…,201
201,0.0,2017-12-02 15:27:07,1.0,0.0,0.0,CNN,RT @wisehussein: @jaybird2414 @MirrorNow @LawComIndia @rsprasad @PMOIndia @ndtv @timesofindia @TimesNow @BBC @CNN @MinistryWCD @NCWIndia de…,202
202,0.0,2017-12-02 15:27:07,1.0,0.0,0.0,FoxNews,"""@FoxNews: Senate OKs sweeping tax reform bill, @realDonaldTrump predicts final passage before Christmas https://t.co/HjGmzR9bP4""",203
203,0.0,2017-12-02 15:27:06,1.0,0.0,0.0,FoxNews,RT @FoxNews: Dow milestones. https://t.co/swzLkfk3Sr,204
204,0.0,2017-12-02 15:27:06,1.0,0.0,0.0,nytimes,"The U.S. Senate passed the most sweeping tax rewrite in decades. The new Republican tax plan affects families, smal… https://t.co/P0RvNtAol9",205
205,-0.6478,2017-12-02 15:27:06,0.763,0.237,0.0,CBSNews,"RT @LCLiberal: Trump reacts to Michael Flynn's guilty plea, says there was ""absolutely no collusion"" with Russia https://t.co/d5Vbe5XjoR

t…",206
206,0.0,2017-12-02 15:27:06,1.0,0.0,0.0,CNN,RT @cnn_co_jp: ???????????????????????????? https://t.co/hyvjTRQIZz,207
207,0.0,2017-12-02 15:27:06,1.0,0.0,0.0,FoxNews,ABC News corrects its report about 'candidate' Trump and Flynn https://t.co/9TafUN8Reb via the @FoxNews Android app… https://t.co/Z0hVJsseQ7,208
208,0.6597,2017-12-02 15:27:06,0.759,0.0,0.241,FoxNews,@NikeT881 @TuckerCarlson @FoxNews Nothing like a good burned beef steak (so long as it’s pink in the middle). Thank… https://t.co/NWPAkMtq8B,209
209,0.7772,2017-12-02 15:27:06,0.747,0.0,0.253,FoxNews,RT @NinaMorton: FINALLY!  Thank you @GOP for getting this done!.  A major victory for our wonderful @POTUS and more so the American people.…,210
210,-0.4215,2017-12-02 15:27:06,0.887,0.113,0.0,FoxNews,"RT @FoxNews: Moments before he departed Joint Base Andrews for NYC, @POTUS gave his first comments on Michael Flynn pleading guilty to lyin…",211
211,-0.4023,2017-12-02 15:27:06,0.689,0.311,0.0,CNN,RT @farwzz: I literally cannot trust anybody https://t.co/z5UFITp8uN,212
212,0.0,2017-12-02 15:27:06,1.0,0.0,0.0,CNN,ABC News corrects its report about 'candidate' Trump and Flynn https://t.co/9TafUN8Reb via the @FoxNews Android app… https://t.co/Z0hVJsseQ7,213
213,0.2732,2017-12-02 15:27:06,0.826,0.0,0.174,nytimes,"Pope Ends Sensitive Trip to Asia After Seeking Rohingya Forgiveness
https://t.co/8hnLW90XB2",214
214,0.8245,2017-12-02 15:27:06,0.713,0.0,0.287,nytimes,RT @syeddoha: #InjusticeWatch I couldn't be any more proud as a new member of the board of this fantastic organization and @Rick_Tulsky for…,215
215,0.8245,2017-12-02 15:27:06,0.713,0.0,0.287,nytimes,RT @syeddoha: #InjusticeWatch I couldn't be any more proud as a new member of the board of this fantastic organization and @Rick_Tulsky for…,216
216,0.8245,2017-12-02 15:27:06,0.713,0.0,0.287,nytimes,RT @syeddoha: #InjusticeWatch I couldn't be any more proud as a new member of the board of this fantastic organization and @Rick_Tulsky for…,217
217,-0.0516,2017-12-02 15:27:06,0.702,0.154,0.145,nytimes,"RT @PuestoLoco: Motive, motive, motive. Keep asking why. Eye on the prize: Destroy the GOP for a generation.
https://t.co/VeAZa4401V",218
218,0.34,2017-12-02 15:27:06,0.902,0.0,0.098,nytimes,"RT @nytimes: Who gains from the U.S. Republican tax plan? Two economists, one from each side of the debate, make their cases. https://t.co/…",219
219,-0.4522,2017-12-02 15:27:06,0.35,0.412,0.239,nytimes,Very upsetting. Sad about our once great America! https://t.co/9Sr6sdeURH,220
220,-0.4215,2017-12-02 15:27:06,0.887,0.113,0.0,FoxNews,"RT @FoxNews: Moments before he departed Joint Base Andrews for NYC, @POTUS gave his first comments on Michael Flynn pleading guilty to lyin…",221
221,0.8245,2017-12-02 15:27:05,0.713,0.0,0.287,nytimes,RT @syeddoha: #InjusticeWatch I couldn't be any more proud as a new member of the board of this fantastic organization and @Rick_Tulsky for…,222
222,0.1027,2017-12-02 15:27:05,0.813,0.085,0.102,FoxNews,"@FoxNews @POTUS Agree. If there was collusion, Flynn would be facing charges for that. Can’t wait to see the end of… https://t.co/O2XWTwGHRd",223
223,0.4215,2017-12-02 15:27:05,0.851,0.0,0.149,CNN,"ABC News corrects bombshell Flynn report: https://t.co/9s1PsdAsQB
Nice that they FINALLY corrected it. But the init… https://t.co/PTx3wldRjw",224
224,0.0,2017-12-02 15:27:05,1.0,0.0,0.0,CNN,RT @ZaibatsuNews: CNN’s Blackwell shuts down interview after Trump booster says Mueller should be investigating Hillary too https://t.co/Yk…,225
225,0.3818,2017-12-02 15:27:05,0.902,0.0,0.098,CNN,"RT @CNN: Economist Arthur Laffer: The CBO is ""wrong,"" the Senate tax bill ""will spur economic growth"" and will not add $1.4 trillion to the…",226
226,-0.4215,2017-12-02 15:27:05,0.781,0.219,0.0,nytimes,RT @tribelaw: Opinion | Michael Flynn’s Guilty Plea: 10 Key Takeaways https://t.co/pnXfIRNvaL,227
227,0.0,2017-12-02 15:27:05,1.0,0.0,0.0,FoxNews,"RT @FoxNewsInsider: Hawaii Tests Cold-War Era Sirens After North Korean Missile Test, via @ffweekend https://t.co/7rjy27LB3K",228
228,0.0,2017-12-02 15:27:05,1.0,0.0,0.0,nytimes,RT @Tonyatwork: “Here we present Both Sides™ because we have abdicated our responsibility to assert that there are facts.” https://t.co/ypS…,229
229,0.0,2017-12-02 15:27:05,1.0,0.0,0.0,nytimes,"From the Arctic’s Melting Ice, an Unexpected Digital Hub https://t.co/XGwWvqd8aw",230
230,0.0,2017-12-02 15:27:05,1.0,0.0,0.0,nytimes,"RT @nick_ramsey: ... just before 2am, the @nytimes editorial board dropped a piece calling the newly senate-approved gop tax reform bill a…",231
231,0.0,2017-12-02 15:27:05,1.0,0.0,0.0,nytimes,"RT @nytimes: The U.S. Senate passed the most sweeping tax rewrite in decades. The new Republican tax plan affects families, small business…",232
232,0.8245,2017-12-02 15:27:05,0.713,0.0,0.287,nytimes,RT @syeddoha: #InjusticeWatch I couldn't be any more proud as a new member of the board of this fantastic organization and @Rick_Tulsky for…,233
233,0.0,2017-12-02 15:27:05,1.0,0.0,0.0,nytimes,RT @mixcom: A Historic Tax Heist https://t.co/UmYYMmY05a,234
234,-0.4939,2017-12-02 15:27:05,0.856,0.144,0.0,FoxNews,RT @PhilMcCrackin44: ?Democratic leadership was powerless in their efforts to obstruct this historic piece of legislation. Now all they can…,235
235,0.0,2017-12-02 15:27:05,1.0,0.0,0.0,FoxNews,@Vader671 @NCal530 @FoxNews Reality https://t.co/tiVwGYe3ff,236
236,-0.5106,2017-12-02 15:27:05,0.719,0.281,0.0,FoxNews,@Chris11962 @sethpetersonla @JYLee1424 @FoxNews @SenatorLankford @FBI @WhiteHouse Aww leave poor Chris-he/she alone… https://t.co/LnjJl6GHRH,237
237,0.0,2017-12-02 15:27:04,1.0,0.0,0.0,CNN,Beneath the Skin: Episode 1 - CNN https://t.co/lk2o6oV0TO,238
238,-0.6705,2017-12-02 15:27:04,0.78,0.22,0.0,FoxNews,RT @TuckerCarlson: The only reason Kate Steinle was killed is because San Francisco is a #SanctuaryCity #Tucker @FoxNews,239
239,0.0,2017-12-02 15:27:04,1.0,0.0,0.0,CNN,"RT @mustafahos: man belgeleri aç?klan?rken ana ak?m (ntv/cnn/habertürk) bilinen haber kanallar?n?n hali..
""ç?k?n yay?ndan talimat?"" geliyor…",240
240,0.2732,2017-12-02 15:27:04,0.81,0.073,0.117,CBSNews,"RT @EricSchultz: almost every headline this morning on tax bill is about a ""political victory."" At some point, I hope those charged with te…",241
241,-0.5423,2017-12-02 15:27:04,0.774,0.226,0.0,FoxNews,"Mexican immigrant deported 20 times gets 35 years in Portland sex assaults. 
https://t.co/qWHOITZ5qf",242
242,-0.4767,2017-12-02 15:27:04,0.659,0.341,0.0,FoxNews,@FoxNews @scotthwk62 Abc another fake news company.,243
243,-0.6808,2017-12-02 15:27:04,0.761,0.239,0.0,FoxNews,"RT @funder: Besides meth, what do Trump fans do all day? No music, because liberals. No tv shows, because liberals. No movies, because libe…",244
244,0.0,2017-12-02 15:27:04,1.0,0.0,0.0,FoxNews,"RT @commentor2013: Obama ends international trip with meetings, speech in Paris. 
https://t.co/z5EbBeWna3",245
245,-0.8481,2017-12-02 15:27:04,0.631,0.369,0.0,FoxNews,"RT @Cernovich: Illegal immigrant:

- deported 12 times
- hidden by sanctuary city
- raped two women

#KatesWall 

https://t.co/Ns4PnRiNcL",246
246,0.0,2017-12-02 15:27:04,1.0,0.0,0.0,CNN,?????: ??????????? ????????? ?????????? ? ??????? ??? ??????? https://t.co/yLWfRxiO6V https://t.co/Egz6hMxytw,247
247,-0.5859,2017-12-02 15:27:04,0.826,0.174,0.0,nytimes,RT @JoeConason: THIS --&gt;&gt; @JillFilipovic on major media sex harassers and the impact of their slanted 2016 coverage https://t.co/ZWR4Pi0mVy,248
248,0.0,2017-12-02 15:27:04,1.0,0.0,0.0,nytimes,"RT @nytimes: The U.S. Senate passed the most sweeping tax rewrite in decades. The new Republican tax plan affects families, small business…",249
249,0.0,2017-12-02 15:27:03,1.0,0.0,0.0,CNN,"The Donald Trump Retweet - is it the content or the source, or indeed both, that are causing such a response?  If t… https://t.co/Wf4WGNlOjv",250
250,0.0,2017-12-02 15:27:03,1.0,0.0,0.0,CNN,RT @jljacobson: @GOP @SenateMajLdr @SpeakerRyan @realDonaldTrump @MarkHalperin @NPR @MSNBC @CNN @BreitbartNews @hughhewitt @brithume And to…,251
251,0.4215,2017-12-02 15:27:03,0.859,0.0,0.141,CNN,RT @thehill: JUST IN: White House claims Obama admin approved Flynn calls with Russian ambassador: report https://t.co/w4Bhws7lfj https://t…,252
252,-0.4019,2017-12-02 15:27:03,0.856,0.144,0.0,FoxNews,@AnnBoyd64 @FoxNews @SheriffClarke 13 million people didn’t lose their health insurance. They will have the option… https://t.co/yV242VZn2i,253
253,-0.4215,2017-12-02 15:27:03,0.641,0.359,0.0,FoxNews,@FoxNews The Trump Recession starts today.,254
254,0.0,2017-12-02 15:27:03,1.0,0.0,0.0,CNN,RT @jljacobson: @GOP @SenateMajLdr @SpeakerRyan @realDonaldTrump @MarkHalperin @NPR @MSNBC @CNN @BreitbartNews @hughhewitt @brithume @nytim…,255
255,0.0,2017-12-02 15:27:02,1.0,0.0,0.0,FoxNews,"RT @bgood12345: ??Rex Tillerson is not leaving role as secretary of state, President Trump says??? https://t.co/FBJ4x8o5Yx",256
256,0.7351,2017-12-02 15:27:02,0.78,0.0,0.22,FoxNews,RT @FoxNews: .@SheriffClarke: “Push is going to have to come to shove for the United States Department of Justice. There are federal laws t…,257
257,0.0,2017-12-02 15:27:02,1.0,0.0,0.0,CNN,@supersoultess @Bakari_Sellers you folks watch too much CNN..!,258
258,-0.6808,2017-12-02 15:27:02,0.761,0.239,0.0,FoxNews,"RT @funder: Besides meth, what do Trump fans do all day? No music, because liberals. No tv shows, because liberals. No movies, because libe…",259
259,0.6114,2017-12-02 15:27:02,0.429,0.0,0.571,FoxNews,"@FoxNews Celebrating time, Yahoo!",260
260,-0.296,2017-12-02 15:27:02,0.481,0.317,0.202,FoxNews,@Sharon35702890 @FoxNews @POTUS Well that was dumb.,261
261,0.0,2017-12-02 15:27:02,1.0,0.0,0.0,CNN,@Paula7252 @CNN @MSNBC @JoyAnnReid Ehhhh not really,262
262,-0.2846,2017-12-02 15:27:02,0.779,0.132,0.089,CBSNews,"RT @jessespector: The Philadelphia Flyers also need a win, but when they get it, 13 million people won’t lose healthcare, so don’t frame go…",263
263,0.5707,2017-12-02 15:27:02,0.593,0.13,0.276,FoxNews,@FoxNews @POTUS Liberals are just angry because trump is fulfilling his promises on making our country great again!,264
264,0.6409,2017-12-02 15:27:01,0.501,0.117,0.382,FoxNews,@CharitieHartsig @FoxNews @POTUS Laughing so hard right now rational that funny,265
265,-0.5423,2017-12-02 15:27:01,0.821,0.179,0.0,FoxNews,RT @FoxNews: Mexican man deported from US 20 times gets 35 years for assaults on women https://t.co/7odgKP4hUL,266
266,0.2577,2017-12-02 15:27:01,0.724,0.138,0.139,FoxNews,"RT @DonnaWR8: ‘You file a lawsuit in front of a FAVORABLE JUDGE, one of 600 in the country...
??pick a judge
??file the lawsuit
??they issu…",267
267,-0.2732,2017-12-02 15:27:01,0.9,0.1,0.0,CBSNews,"RT @kylegriffin1: The White House's proposed budget cut to HIV/AIDS efforts could result in millions of new AIDS-related infections, accord…",268
268,0.1655,2017-12-02 15:27:01,0.901,0.0,0.099,FoxNews,@smartvalueblog @FoxNews @realDonaldTrump @tedcruz @POTUS I keep hearing that it’s a tax increase but nobody is say… https://t.co/i6plTVIh3g,269
269,-0.4939,2017-12-02 15:27:00,0.868,0.132,0.0,FoxNews,"RT @FoxNews: .@TuckerCarlson: ""If investigators can prove that the Trump campaign worked with Vladimir Putin in order to steal the 2016 ele…",270
270,-0.7003,2017-12-02 15:27:00,0.408,0.592,0.0,CNN,RT @mradamscott: No shit Sherlock https://t.co/BFQAebaGba,271
271,0.0,2017-12-02 15:27:00,1.0,0.0,0.0,CNN,RT @sassyscarletttt: ??????????????1??????????????? ???????????????????????????????????????????? #?????? #Loser2017 #JusticeforMeay #BBC #C…,272
272,-0.3818,2017-12-02 15:27:00,0.88,0.12,0.0,FoxNews,Democrats sat out the tax fight. It may prove to be an epic policy and political blunder https://t.co/bMKd2nX6jW vi… https://t.co/4IkDyYRRze,273
273,0.0,2017-12-02 15:27:00,1.0,0.0,0.0,CNN,"RT @chrisdonovan: Lindsey Graham on CNN:“U know what concerns me abt the American press is this endless, endless attempt to label the guy a…",274
274,0.0,2017-12-02 15:27:00,1.0,0.0,0.0,CNN,RT @jljacobson: @GOP @SenateMajLdr @SpeakerRyan @realDonaldTrump @MarkHalperin Every single outlet from @NPR to @ @MSNBC to @CNN who brough…,275
275,0.0,2017-12-02 15:27:00,1.0,0.0,0.0,FoxNews,RT @FoxNews: Senate panel seeks 'all records' of payouts for lawmakers' alleged misdeeds https://t.co/7Yn9jdmzuI,276
276,0.0,2017-12-02 15:27:00,1.0,0.0,0.0,CNN,@DrugTestCongres @FightTheNazis @CNN @RosaFlores I just did.,277
277,-0.7845,2017-12-02 15:27:00,0.769,0.231,0.0,CNN,"RT @TrumpsBlonde: NBC, CBS ABC CNN Lied to the American people for 16 months while Hillary ran for president.  MSM is dead. They are propag…",278
278,0.4588,2017-12-02 15:26:59,0.875,0.0,0.125,CNN,RT @FlyingZulu: Mama Rosie Mashele has been nominated for the #CNNHeroes awards. Let’s all go to https://t.co/K4L4ZvB0CA and vote for our S…,279
279,0.0,2017-12-02 15:26:59,1.0,0.0,0.0,FoxNews,RT @FoxNews: VOLCANO SUNSET IN BALI: Officials have told people to evacuate the area near Mount Agung as it spews ash into the air. However…,280
280,-0.3818,2017-12-02 15:26:59,0.776,0.224,0.0,FoxNews,@MarciaJmarcia @FoxNews @RepDeSantis @RepJohnConyers Fox News is incapable of objectivity.,281
281,0.0,2017-12-02 15:26:59,1.0,0.0,0.0,CNN,"RT @CNNEE: Tiene 16 años y diariamente reparte sus horas estudiando abogacía (sí, también es psicóloga), clases de chino, francés, inglés,…",282
282,0.1027,2017-12-02 15:26:59,0.909,0.0,0.091,BBCWorld,"RT @SimpnMild: *hasnt used paint since 5th grade*

Me: are you fuckin kidding me https://t.co/2kZGxjZsAr",283
283,0.0,2017-12-02 15:26:59,1.0,0.0,0.0,FoxNews,"@RagingHeretic @Nunyabiz1111 @MyPresidentme @FoxNews 2 much 2 explain.  But here’s some. 
Corp rate dropped to 20-… https://t.co/M3w6gOGuAF",284
284,-0.5423,2017-12-02 15:26:59,0.821,0.179,0.0,FoxNews,RT @DebbieIturri: @LucyAppa @realleogarc @FoxNews @CvilleCityHall Huh?....It's too bad Civics/Pol. Science hasn't been taught in schools fo…,285
285,-0.9413,2017-12-02 15:26:59,0.357,0.643,0.0,FoxNews,"RT @covfefeartist: No Collusion
No Collusion 
No Collusion 
No Collusion
No Collusion 
No Collusion 
No Collusion
No Collusion 
No Collusio…",286
286,0.0,2017-12-02 15:26:58,1.0,0.0,0.0,CNN,RT @fightertiger99: @wisehussein @jaybird2414 @MirrorNow @LawComIndia @rsprasad @PMOIndia @ndtv @timesofindia @TimesNow @BBC @CNN @Ministry…,287
287,0.6204,2017-12-02 15:26:58,0.622,0.114,0.264,CNN,RT @SilERabbit: Thank you @CNN and @MSNBC. It's great that you're barely covering the worst tax bill in US history. I'm sure it has nothing…,288
288,-0.5574,2017-12-02 15:26:58,0.806,0.194,0.0,BBCWorld,"Shit. 
I only know how to printscreen using Paint. 
How am i gonna live from now on. https://t.co/UtrjqO5mKZ",289
289,0.2732,2017-12-02 15:26:58,0.769,0.083,0.148,FoxNews,"RT @PioBall: @brithume Oh, you mean like a real democracy? Nah. @FoxNews cranks can't read anyway.",290
290,-0.296,2017-12-02 15:26:58,0.879,0.121,0.0,FoxNews,@RecordsBob @FoxNews @PeteHegseth There is no FEDERAL LAW requiring states to become immigration forces.  Each STAT… https://t.co/RDRGvZDz1X,291
291,0.0,2017-12-02 15:26:57,1.0,0.0,0.0,FoxNews,RT @FoxNews: Happening Now: @POTUS arrives in NYC. https://t.co/PC9Uye5biU,292
292,0.0,2017-12-02 15:26:57,1.0,0.0,0.0,FoxNews,@TuckerCarlson @massguy162 @FoxNews Sue the city council in Federal court,293
293,-0.4019,2017-12-02 15:26:57,0.803,0.197,0.0,CNN,"RT @JimGoose8: @ABC  Damn, you guys have turned into CNN  #fakenews https://t.co/xNzJUifuXv",294
294,0.5574,2017-12-02 15:26:57,0.833,0.0,0.167,CNN,"RT @JohnCassidy: So CNN, Fox News, and MSNBC have all gone to reruns. Thank god for C-Span. It's not as if anything big is happening.",295
295,0.6932,2017-12-02 15:26:57,0.76,0.0,0.24,CNN,"@POTUS @DanScavino @WSJ
 WONDERFUL SPEECH - give it some coverage!  @CNN @NBC @CBS @ABC @washingtonpost @nytimes https://t.co/a1ecegqFDg",296
296,0.0,2017-12-02 15:26:57,1.0,0.0,0.0,CBSNews,"RT @jeffdavisshow: Report

Federal Reserve Bank
""Concerned""
of Goldilocks US economy

#Twitter 
#Google 

US economy &amp;
US stock market
Cont…",297
297,0.0,2017-12-02 15:26:57,1.0,0.0,0.0,CNN,@OllyOllyO @jaketapper @AndrewCMcCarthy https://t.co/j4LpNAAGv1,298
298,0.5563,2017-12-02 15:26:57,0.86,0.0,0.14,FoxNews,"@FoxNews So it’s went up 6,000 ??but a guy previous seen it go up 12,000 pts which is more impressive to you guys?… https://t.co/LzAFKulb0S",299
299,0.0,2017-12-02 15:26:57,1.0,0.0,0.0,FoxNews,https://t.co/BE2JO6paQg,300
300,0.2648,2017-12-02 15:26:57,0.906,0.0,0.094,FoxNews,"How incredibly condescending and smug to think people vote based on what they see on a news channel, really not a h… https://t.co/4byp0ilIBE",301
301,0.4404,2017-12-02 15:26:56,0.868,0.0,0.132,CNN,"@MrOffender @CangrenaInk @JayRozas @CNN ???? FBI statistics.
That was a good one.
The FBI &amp; CIA has a history of wo… https://t.co/KefDq4M2vz",302
302,-0.6597,2017-12-02 15:26:56,0.747,0.253,0.0,CNN,RT @Armston: Government of Cameroun plans to continue killing #FreeSouthernCameroons #GenocideAlert #FreeAllArrested @sisiku_ayuktabe @UNHu…,303
303,0.1027,2017-12-02 15:26:56,0.909,0.0,0.091,BBCWorld,"RT @SimpnMild: *hasnt used paint since 5th grade*

Me: are you fuckin kidding me https://t.co/2kZGxjZsAr",304
304,0.1027,2017-12-02 15:26:56,0.909,0.0,0.091,BBCWorld,"RT @SimpnMild: *hasnt used paint since 5th grade*

Me: are you fuckin kidding me https://t.co/2kZGxjZsAr",305
305,-0.4466,2017-12-02 15:26:56,0.887,0.113,0.0,CNN,RT @Harlan: MSNBC and CNN have all these people on talking about what’s happening inside the White House... who have NO IDEA what’s actuall…,306
306,-0.6597,2017-12-02 15:26:55,0.577,0.423,0.0,CNN,@CNN His legacy is killing the NFL.,307
307,0.4215,2017-12-02 15:26:55,0.851,0.0,0.149,CNN,RT @thehill: #BREAKING: White House claims Obama admin approved Flynn calls with Russian ambassador: report https://t.co/ysrb4ARko1 https:/…,308
308,-0.9001,2017-12-02 15:26:55,0.552,0.448,0.0,CNN,"RT @USATrump45: NBC: Nothing But Crap
CNN: Crap News Network
ABC: Always Broadcasting Crap
CBS: Crap Broadcasting Station
CNBC: Crap Networ…",309
309,0.4215,2017-12-02 15:26:55,0.859,0.0,0.141,CNN,RT @thehill: JUST IN: White House claims Obama admin approved Flynn calls with Russian ambassador: report https://t.co/w4Bhws7lfj https://t…,310
310,0.0,2017-12-02 15:26:54,1.0,0.0,0.0,CNN,RT @jljacobson: @GOP @SenateMajLdr @SpeakerRyan @realDonaldTrump @MarkHalperin @NPR @MSNBC @CNN @BreitbartNews @hughhewitt @brithume @nytim…,311
311,0.0,2017-12-02 15:26:54,1.0,0.0,0.0,CNN,RT @jljacobson: @GOP @SenateMajLdr @SpeakerRyan @realDonaldTrump @MarkHalperin @NPR @MSNBC @CNN @BreitbartNews @hughhewitt @brithume @nytim…,312
312,-0.8625,2017-12-02 15:26:54,0.652,0.348,0.0,CBSNews,RT @CBSThisMorning: Investigators in North Carolina say a missing 3-year-old girl is believed to be dead and have arrested a man in connect…,313
313,0.0,2017-12-02 15:26:53,1.0,0.0,0.0,CNN,"RT @Acosta: A senior WH official told CNN that the Obama admin ""authorized"" Flynn's conversation with Kislyak. But former DNI Clapper just…",314
314,0.4215,2017-12-02 15:26:53,0.843,0.0,0.157,CNN,RT @thehill: White House claims Obama admin approved Flynn calls with Russian ambassador: report https://t.co/dr21WU4Vgm https://t.co/wrm9Q…,315
315,0.0,2017-12-02 15:26:53,1.0,0.0,0.0,CNN,RT @jljacobson: @GOP @SenateMajLdr @SpeakerRyan @realDonaldTrump @MarkHalperin @NPR @MSNBC @CNN @BreitbartNews @hughhewitt @brithume And to…,316
316,-0.7964,2017-12-02 15:26:53,0.693,0.307,0.0,CBSNews,RT @48hours: Prosecutors believe this psychiatrist tried to orchestrate her ex-boyfriend's murder and now she’s under arrest: https://t.co/…,317
317,0.0,2017-12-02 15:26:53,1.0,0.0,0.0,CNN,"RT @mustafahos: man belgeleri aç?klan?rken ana ak?m (ntv/cnn/habertürk) bilinen haber kanallar?n?n hali..
""ç?k?n yay?ndan talimat?"" geliyor…",318
318,0.0,2017-12-02 15:26:53,1.0,0.0,0.0,CNN,RT @ktrestifo: this is called an airplane https://t.co/K6T9FDCzHB,319
319,0.0258,2017-12-02 15:26:53,0.816,0.09,0.094,CNN,RT @ReignOfApril: She actually publicly accused him years ago. On TV to Barbara Walters. He only apologized now because the video resurface…,320
320,-0.2732,2017-12-02 15:26:52,0.9,0.1,0.0,CBSNews,"RT @kylegriffin1: The White House's proposed budget cut to HIV/AIDS efforts could result in millions of new AIDS-related infections, accord…",321
321,-0.4753,2017-12-02 15:26:52,0.838,0.162,0.0,CBSNews,"Hecklers yell ""Lock him up!"" as Michael Flynn leaves courthouse after making guilty plea https://t.co/NQnCgrtn6c ma… https://t.co/iHi6bABiw3",322
322,-0.7351,2017-12-02 15:26:52,0.754,0.246,0.0,CNN,"RT @hotfunkytown: On Friday, Michael Flynn pleaded guilty to lying to FBI agents about making contact with Russian Ambassador Kislyak durin…",323
323,0.3612,2017-12-02 15:26:50,0.828,0.0,0.172,BBCWorld,RT @RohingyaVision: #Myanmar #military Ransacked #Rohingyas ’ Ready #money to Rations https://t.co/WucEiTaDld @FortifyRights @IntlCrimCourt…,324
324,0.1027,2017-12-02 15:26:50,0.909,0.0,0.091,BBCWorld,"RT @SimpnMild: *hasnt used paint since 5th grade*

Me: are you fuckin kidding me https://t.co/2kZGxjZsAr",325
325,-0.6249,2017-12-02 15:26:49,0.806,0.194,0.0,BBCWorld,"RT @BBCWorld: Rohingya crisis: Why is it a big deal that Pope Francis used the 'R' word? 

https://t.co/Han1ULjkpN https://t.co/3U5stD3fEt",326
326,0.0,2017-12-02 15:26:48,1.0,0.0,0.0,BBCWorld,RT @BBCWorld: Microsoft is saying goodbye to Paint after 32 years https://t.co/1kXDubBwRB https://t.co/VS7hQKZ0Zk,327
327,0.0,2017-12-02 15:26:48,1.0,0.0,0.0,CBSNews,"RT @FaceTheNation: SUNDAY: We'll talk with @SenateMajLdr  Mitch McConnell about the Senate's passage of tax reform, the GOP's next steps, a…",328
328,0.1027,2017-12-02 15:26:47,0.909,0.0,0.091,BBCWorld,"RT @SimpnMild: *hasnt used paint since 5th grade*

Me: are you fuckin kidding me https://t.co/2kZGxjZsAr",329
329,-0.25,2017-12-02 15:26:47,0.714,0.168,0.117,BBCWorld,@BBCWorld He should probably make sure he isn't wearing any ripped jeans while he's in prison.,330
330,0.1027,2017-12-02 15:26:47,0.909,0.0,0.091,BBCWorld,"RT @SimpnMild: *hasnt used paint since 5th grade*

Me: are you fuckin kidding me https://t.co/2kZGxjZsAr",331
331,0.1027,2017-12-02 15:26:47,0.909,0.0,0.091,BBCWorld,"RT @SimpnMild: *hasnt used paint since 5th grade*

Me: are you fuckin kidding me https://t.co/2kZGxjZsAr",332
332,-0.2023,2017-12-02 15:26:46,0.778,0.133,0.089,CBSNews,RT @Shawtypepelina: Feds release arrest warrant for Jose Ines Garcia Zarate after pier shooting verdict https://t.co/xhchxCOTRN,333
333,0.5319,2017-12-02 15:26:45,0.724,0.0,0.276,CBSNews,RT @DublinHempCo: Older People Say YES to Cannabis: https://t.co/7nWbwiN06h? https://t.co/RsrOGZBqGl,334
334,0.1027,2017-12-02 15:26:43,0.909,0.0,0.091,BBCWorld,"RT @SimpnMild: *hasnt used paint since 5th grade*

Me: are you fuckin kidding me https://t.co/2kZGxjZsAr",335
335,0.1027,2017-12-02 15:26:41,0.909,0.0,0.091,BBCWorld,"RT @SimpnMild: *hasnt used paint since 5th grade*

Me: are you fuckin kidding me https://t.co/2kZGxjZsAr",336
336,0.1027,2017-12-02 15:26:40,0.909,0.0,0.091,BBCWorld,"RT @SimpnMild: *hasnt used paint since 5th grade*

Me: are you fuckin kidding me https://t.co/2kZGxjZsAr",337
337,0.1027,2017-12-02 15:26:40,0.909,0.0,0.091,BBCWorld,"RT @SimpnMild: *hasnt used paint since 5th grade*

Me: are you fuckin kidding me https://t.co/2kZGxjZsAr",338
338,0.1027,2017-12-02 15:26:39,0.909,0.0,0.091,BBCWorld,"RT @SimpnMild: *hasnt used paint since 5th grade*

Me: are you fuckin kidding me https://t.co/2kZGxjZsAr",339
339,-0.1027,2017-12-02 15:26:38,0.938,0.062,0.0,CBSNews,RT @EightBitBot: @haaretzcom @PoliticsUKTD US &amp; France aligning with Israeli hard right. Saudi's have Iran on back foot. It doesn't look go…,340
340,0.6369,2017-12-02 15:26:37,0.802,0.0,0.198,CBSNews,"@MSNBC @CBSNews  REMEMBER FOLKS, MARTHA STEWART IS A CONVICTED FELON BUT RETAINS ALL RIGHTS THAT ANY INNOCENT PERSO… https://t.co/301bJOKd9l",341
341,0.1027,2017-12-02 15:26:37,0.909,0.0,0.091,BBCWorld,"RT @SimpnMild: *hasnt used paint since 5th grade*

Me: are you fuckin kidding me https://t.co/2kZGxjZsAr",342
342,0.1027,2017-12-02 15:26:36,0.909,0.0,0.091,BBCWorld,"RT @SimpnMild: *hasnt used paint since 5th grade*

Me: are you fuckin kidding me https://t.co/2kZGxjZsAr",343
343,0.1027,2017-12-02 15:26:35,0.909,0.0,0.091,BBCWorld,"RT @SimpnMild: *hasnt used paint since 5th grade*

Me: are you fuckin kidding me https://t.co/2kZGxjZsAr",344
344,0.0,2017-12-02 15:26:34,1.0,0.0,0.0,CBSNews,@ShamefilledUSA @NHPolitico @_GenXChick77_ @SenSchumer https://t.co/PiDNDYY7DO,345
345,0.1027,2017-12-02 15:26:33,0.909,0.0,0.091,BBCWorld,"RT @SimpnMild: *hasnt used paint since 5th grade*

Me: are you fuckin kidding me https://t.co/2kZGxjZsAr",346
346,0.1027,2017-12-02 15:26:32,0.909,0.0,0.091,BBCWorld,"RT @SimpnMild: *hasnt used paint since 5th grade*

Me: are you fuckin kidding me https://t.co/2kZGxjZsAr",347
347,0.1027,2017-12-02 15:26:31,0.909,0.0,0.091,BBCWorld,"RT @SimpnMild: *hasnt used paint since 5th grade*

Me: are you fuckin kidding me https://t.co/2kZGxjZsAr",348
348,0.1027,2017-12-02 15:26:30,0.909,0.0,0.091,BBCWorld,"RT @SimpnMild: *hasnt used paint since 5th grade*

Me: are you fuckin kidding me https://t.co/2kZGxjZsAr",349
349,0.1027,2017-12-02 15:26:30,0.909,0.0,0.091,BBCWorld,"RT @SimpnMild: *hasnt used paint since 5th grade*

Me: are you fuckin kidding me https://t.co/2kZGxjZsAr",350
350,-0.2732,2017-12-02 15:26:30,0.9,0.1,0.0,CBSNews,"RT @kylegriffin1: The White House's proposed budget cut to HIV/AIDS efforts could result in millions of new AIDS-related infections, accord…",351
351,0.0,2017-12-02 15:26:29,1.0,0.0,0.0,BBCWorld,RT @BBCWorld: Microsoft is saying goodbye to Paint after 32 years https://t.co/1kXDubBwRB https://t.co/VS7hQKZ0Zk,352
352,0.1027,2017-12-02 15:26:26,0.909,0.0,0.091,BBCWorld,"RT @SimpnMild: *hasnt used paint since 5th grade*

Me: are you fuckin kidding me https://t.co/2kZGxjZsAr",353
353,0.1027,2017-12-02 15:26:26,0.909,0.0,0.091,BBCWorld,"RT @SimpnMild: *hasnt used paint since 5th grade*

Me: are you fuckin kidding me https://t.co/2kZGxjZsAr",354
354,0.0,2017-12-02 15:26:26,1.0,0.0,0.0,BBCWorld,@BBCWorld @th4myres oq fazemos com os prints das tabelas agora??,355
355,0.1027,2017-12-02 15:26:24,0.909,0.0,0.091,BBCWorld,"RT @SimpnMild: *hasnt used paint since 5th grade*

Me: are you fuckin kidding me https://t.co/2kZGxjZsAr",356
356,0.0,2017-12-02 15:26:23,1.0,0.0,0.0,CBSNews,RT @cuchy68: @ABC @CBS @CBSNews @CNN @MSNBC @FoxNews @foxandfriends @nytimes @washingtonpost @TIME @NotiUno @realDonaldTrump  @CNNEE @Univi…,357
357,0.1027,2017-12-02 15:26:23,0.909,0.0,0.091,BBCWorld,"RT @SimpnMild: *hasnt used paint since 5th grade*

Me: are you fuckin kidding me https://t.co/2kZGxjZsAr",358
358,0.1027,2017-12-02 15:26:21,0.909,0.0,0.091,BBCWorld,"RT @SimpnMild: *hasnt used paint since 5th grade*

Me: are you fuckin kidding me https://t.co/2kZGxjZsAr",359
359,0.6369,2017-12-02 15:26:21,0.776,0.0,0.224,CBSNews,@ftdooley @CBSNews Yes it does Tom. These holier than thou fucking Christians are always ready to fucking pass judg… https://t.co/n6uguXJxFW,360
360,0.1027,2017-12-02 15:26:19,0.909,0.0,0.091,BBCWorld,"RT @SimpnMild: *hasnt used paint since 5th grade*

Me: are you fuckin kidding me https://t.co/2kZGxjZsAr",361
361,0.0,2017-12-02 15:26:19,1.0,0.0,0.0,CBSNews,"RT @FaceTheNation: SUNDAY: We'll talk with @SenateMajLdr  Mitch McConnell about the Senate's passage of tax reform, the GOP's next steps, a…",362
362,0.7253,2017-12-02 15:26:18,0.798,0.0,0.202,CBSNews,"RT @MKMAYER: @CBSNews Now they can go through it and throw out the least offensive element of each, and Trump will proudly sign it and brag…",363
363,0.765,2017-12-02 15:26:18,0.476,0.105,0.419,CBSNews,RT @PatrickClaybon: Stop covering this like it’s sports for the love of god. https://t.co/jv2MDqKSEC,364
364,0.2732,2017-12-02 15:26:18,0.81,0.073,0.117,CBSNews,"RT @EricSchultz: almost every headline this morning on tax bill is about a ""political victory."" At some point, I hope those charged with te…",365
365,0.3612,2017-12-02 15:26:17,0.737,0.0,0.263,BBCWorld,@BBCWorld Sounds like something al franken would say/do,366
366,0.1027,2017-12-02 15:26:17,0.909,0.0,0.091,BBCWorld,"RT @SimpnMild: *hasnt used paint since 5th grade*

Me: are you fuckin kidding me https://t.co/2kZGxjZsAr",367
367,-0.2732,2017-12-02 15:26:17,0.9,0.1,0.0,CBSNews,"RT @kylegriffin1: The White House's proposed budget cut to HIV/AIDS efforts could result in millions of new AIDS-related infections, accord…",368
368,0.1027,2017-12-02 15:26:15,0.909,0.0,0.091,BBCWorld,"RT @SimpnMild: *hasnt used paint since 5th grade*

Me: are you fuckin kidding me https://t.co/2kZGxjZsAr",369
369,0.1027,2017-12-02 15:26:15,0.909,0.0,0.091,BBCWorld,"RT @SimpnMild: *hasnt used paint since 5th grade*

Me: are you fuckin kidding me https://t.co/2kZGxjZsAr",370
370,0.1027,2017-12-02 15:26:15,0.909,0.0,0.091,BBCWorld,"RT @SimpnMild: *hasnt used paint since 5th grade*

Me: are you fuckin kidding me https://t.co/2kZGxjZsAr",371
371,-0.2732,2017-12-02 15:26:13,0.9,0.1,0.0,CBSNews,"RT @kylegriffin1: The White House's proposed budget cut to HIV/AIDS efforts could result in millions of new AIDS-related infections, accord…",372
372,-0.296,2017-12-02 15:26:13,0.879,0.121,0.0,CBSNews,Sexual Collapses of The American Empire. @TIME @BBCNews @CBSNews @Newsweek @cnni @TheEconomist @UNFCCC @AJEnglish @ABCWorldNews @NatGeo @ap,373
373,0.0,2017-12-02 15:26:12,1.0,0.0,0.0,CBSNews,@balticblau @nytimes @BostonGlobe @washingtonpost @DouglasInLA @BradfordColt @JockSportsGuy @latimes… https://t.co/PRUBvJ3GRD,374
374,0.1027,2017-12-02 15:26:11,0.909,0.0,0.091,BBCWorld,"RT @SimpnMild: *hasnt used paint since 5th grade*

Me: are you fuckin kidding me https://t.co/2kZGxjZsAr",375
375,0.1027,2017-12-02 15:26:10,0.909,0.0,0.091,BBCWorld,"RT @SimpnMild: *hasnt used paint since 5th grade*

Me: are you fuckin kidding me https://t.co/2kZGxjZsAr",376
376,-0.2732,2017-12-02 15:26:08,0.9,0.1,0.0,CBSNews,"RT @kylegriffin1: The White House's proposed budget cut to HIV/AIDS efforts could result in millions of new AIDS-related infections, accord…",377
377,-0.9114,2017-12-02 15:26:05,0.646,0.354,0.0,CBSNews,@CBSNews This is not a win! It is not a win for me. It is not as win for my parents or in-laws. It is not a win for… https://t.co/sUBvSxfQbf,378
378,-0.6908,2017-12-02 15:26:05,0.773,0.227,0.0,BBCWorld,"@BBCWorld @BBCNews Typical radical extremist Muslim Brother member, that's why there were listed as being a terrorist group",379
379,0.1027,2017-12-02 15:26:03,0.909,0.0,0.091,BBCWorld,"RT @SimpnMild: *hasnt used paint since 5th grade*

Me: are you fuckin kidding me https://t.co/2kZGxjZsAr",380
380,0.1027,2017-12-02 15:26:03,0.909,0.0,0.091,BBCWorld,"RT @SimpnMild: *hasnt used paint since 5th grade*

Me: are you fuckin kidding me https://t.co/2kZGxjZsAr",381
381,0.1027,2017-12-02 15:26:02,0.909,0.0,0.091,BBCWorld,"RT @SimpnMild: *hasnt used paint since 5th grade*

Me: are you fuckin kidding me https://t.co/2kZGxjZsAr",382
382,0.1027,2017-12-02 15:26:02,0.909,0.0,0.091,BBCWorld,"RT @SimpnMild: *hasnt used paint since 5th grade*

Me: are you fuckin kidding me https://t.co/2kZGxjZsAr",383
383,-0.6808,2017-12-02 15:26:02,0.797,0.203,0.0,BBCWorld,RT @STreachler: @BBCWorld I'm now grieving the loss of my childhood hobby of wildly drawing squiggle lines and then filling it in. I call t…,384
384,0.765,2017-12-02 15:26:02,0.476,0.105,0.419,CBSNews,RT @PatrickClaybon: Stop covering this like it’s sports for the love of god. https://t.co/jv2MDqKSEC,385
385,-0.2732,2017-12-02 15:26:02,0.9,0.1,0.0,CBSNews,"RT @kylegriffin1: The White House's proposed budget cut to HIV/AIDS efforts could result in millions of new AIDS-related infections, accord…",386
386,0.25,2017-12-02 15:26:01,0.917,0.0,0.083,CBSNews,"RT @drawandstrike: @Lrietsema @CBSNews Correct. 

He was acquitted of that. 

But anybody who thought this guy was just going to mosey on o…",387
387,-0.2732,2017-12-02 15:26:01,0.9,0.1,0.0,CBSNews,"RT @kylegriffin1: The White House's proposed budget cut to HIV/AIDS efforts could result in millions of new AIDS-related infections, accord…",388
388,-0.8687,2017-12-02 15:26:01,0.588,0.412,0.0,CBSNews,"Hecklers yell ""Lock him up!"" as Michael Flynn leaves courthouse after making guilty plea https://t.co/NQnCgrtn6c loser Liar",389
389,0.1027,2017-12-02 15:26:00,0.909,0.0,0.091,BBCWorld,"RT @SimpnMild: *hasnt used paint since 5th grade*

Me: are you fuckin kidding me https://t.co/2kZGxjZsAr",390
390,0.1027,2017-12-02 15:25:59,0.909,0.0,0.091,BBCWorld,"RT @SimpnMild: *hasnt used paint since 5th grade*

Me: are you fuckin kidding me https://t.co/2kZGxjZsAr",391
391,0.1027,2017-12-02 15:25:59,0.909,0.0,0.091,BBCWorld,"RT @SimpnMild: *hasnt used paint since 5th grade*

Me: are you fuckin kidding me https://t.co/2kZGxjZsAr",392
392,0.1027,2017-12-02 15:25:58,0.909,0.0,0.091,BBCWorld,"RT @SimpnMild: *hasnt used paint since 5th grade*

Me: are you fuckin kidding me https://t.co/2kZGxjZsAr",393
393,0.1027,2017-12-02 15:25:57,0.909,0.0,0.091,BBCWorld,"RT @SimpnMild: *hasnt used paint since 5th grade*

Me: are you fuckin kidding me https://t.co/2kZGxjZsAr",394
394,-0.2846,2017-12-02 15:25:57,0.779,0.132,0.089,CBSNews,"RT @jessespector: The Philadelphia Flyers also need a win, but when they get it, 13 million people won’t lose healthcare, so don’t frame go…",395
395,0.1027,2017-12-02 15:25:57,0.909,0.0,0.091,BBCWorld,"RT @SimpnMild: *hasnt used paint since 5th grade*

Me: are you fuckin kidding me https://t.co/2kZGxjZsAr",396
396,0.0,2017-12-02 15:25:56,1.0,0.0,0.0,BBCWorld,"@gaywonk Based on your criteria, @BBCWorld received an F this morning.",397
397,0.0,2017-12-02 15:25:54,1.0,0.0,0.0,BBCWorld,RT @AsekTimba: @PR_Paul_Biya @prc_cellcom @USEmbYaounde @UKinCameroon @BBCWorld @AJStream @RT_com @cnni @UNHumanRights @UN @Pontifex @realD…,398
398,0.0,2017-12-02 15:25:54,1.0,0.0,0.0,BBCWorld,"RT @ThankYouFromCat: AGRAÏM a la BBC i al periodista J. Reynolds el reportatge sobre els presos 
polítics.THANK YOU VERY MUCH, @BBCWorld an…",399
399,0.1027,2017-12-02 15:25:54,0.909,0.0,0.091,BBCWorld,"RT @SimpnMild: *hasnt used paint since 5th grade*

Me: are you fuckin kidding me https://t.co/2kZGxjZsAr",400
400,-0.6557,2017-12-02 15:25:52,0.725,0.213,0.062,CBSNews,"RT @drawandstrike: @Lrietsema @CBSNews He: 

1) is a convicted felon, so it is a crime for him to possess a gun. 
2) On top of being a conv…",401
401,0.1027,2017-12-02 15:25:52,0.909,0.0,0.091,BBCWorld,"RT @SimpnMild: *hasnt used paint since 5th grade*

Me: are you fuckin kidding me https://t.co/2kZGxjZsAr",402
402,0.0,2017-12-02 15:25:51,1.0,0.0,0.0,CBSNews,@CBSNews  https://t.co/6tcM6W2jbn,403
403,0.0,2017-12-02 15:25:47,1.0,0.0,0.0,BBCWorld,RT @BBCWorld: Microsoft is saying goodbye to Paint after 32 years https://t.co/1kXDubBwRB https://t.co/VS7hQKZ0Zk,404
404,0.0,2017-12-02 15:25:47,1.0,0.0,0.0,BBCWorld,@BBCWorld Roy Moore 2.0?,405
405,0.1027,2017-12-02 15:25:46,0.909,0.0,0.091,BBCWorld,"RT @SimpnMild: *hasnt used paint since 5th grade*

Me: are you fuckin kidding me https://t.co/2kZGxjZsAr",406
406,0.1027,2017-12-02 15:25:45,0.909,0.0,0.091,BBCWorld,"RT @SimpnMild: *hasnt used paint since 5th grade*

Me: are you fuckin kidding me https://t.co/2kZGxjZsAr",407
407,0.1027,2017-12-02 15:25:45,0.909,0.0,0.091,BBCWorld,"RT @SimpnMild: *hasnt used paint since 5th grade*

Me: are you fuckin kidding me https://t.co/2kZGxjZsAr",408
408,0.1027,2017-12-02 15:25:45,0.909,0.0,0.091,BBCWorld,"RT @SimpnMild: *hasnt used paint since 5th grade*

Me: are you fuckin kidding me https://t.co/2kZGxjZsAr",409
409,0.0,2017-12-02 15:25:43,1.0,0.0,0.0,CBSNews,@CBSNews @realDonaldTrump  https://t.co/7hvMBPqYIF,410
410,0.0,2017-12-02 15:25:43,1.0,0.0,0.0,CBSNews,"RT @logicalplz: ????????????????????????????????????????????CBS?NBC?ABC????????????

??????????????????????????????????????

https://t.co/5…",411
411,0.0,2017-12-02 15:25:42,1.0,0.0,0.0,BBCWorld,@RT_russian ?????: ??????????? ???????? https://t.co/iyU534I2WL   https://t.co/q1Q7YLIS1F )) ???????? ??????? Uncle… https://t.co/oCIPOH7QLL,412
412,0.0,2017-12-02 15:25:41,1.0,0.0,0.0,BBCWorld,You just can beat these Indian guys. There is some sense to this though... https://t.co/6bXynVsymS,413
413,0.0,2017-12-02 15:25:41,1.0,0.0,0.0,CBSNews,@CBSNews I can them as cellies....,414
414,0.128,2017-12-02 15:25:40,0.786,0.096,0.118,CBSNews,"RT @SLadreda: Wake up America stop watching 
.@ABC .@NBC .@CNN .@MSNBC 
.@CBSNews they're all #LIARS and yes .@realDonaldTrump 
.@POTUS is…",415
415,0.0,2017-12-02 15:25:40,1.0,0.0,0.0,CBSNews,"RT @danpfeiffer: Oh I don’t know, maybe focus your coverage on how the bill affects American’s pockets instead of politicians’ poll numbers…",416
416,0.1027,2017-12-02 15:25:39,0.909,0.0,0.091,BBCWorld,"RT @SimpnMild: *hasnt used paint since 5th grade*

Me: are you fuckin kidding me https://t.co/2kZGxjZsAr",417
417,0.0,2017-12-02 15:25:37,1.0,0.0,0.0,BBCWorld,"RT @OoAye8: #Myanmar, China to #deepen close ties
Beijing, 1 Dec 

State Counsellor Daw Aung San Suu Kyi and Chinese President Xi Jinping h…",418
418,0.0,2017-12-02 15:25:37,1.0,0.0,0.0,BBCWorld,"Brasil é o País da safadeza.
@MichelTemer gasta dinheiro pra comprar Deputados.
E falta dinheiro para investir na E… https://t.co/BjMcYjfFQv",419
419,-0.6059,2017-12-02 15:25:36,0.729,0.271,0.0,BBCWorld,@BBCWorld What a bizarre situation firstly that he should say such horrendous ill conceived things but also that he… https://t.co/xwHI9DBDoD,420
420,0.765,2017-12-02 15:25:36,0.476,0.105,0.419,CBSNews,RT @PatrickClaybon: Stop covering this like it’s sports for the love of god. https://t.co/jv2MDqKSEC,421
421,-0.2732,2017-12-02 15:25:36,0.9,0.1,0.0,CBSNews,"RT @kylegriffin1: The White House's proposed budget cut to HIV/AIDS efforts could result in millions of new AIDS-related infections, accord…",422
422,0.0,2017-12-02 15:25:36,1.0,0.0,0.0,CBSNews,@CBSNews And we should just believe him because he keeps saying it.,423
423,0.0,2017-12-02 15:25:35,1.0,0.0,0.0,CBSNews,"RT @CBSNews: JUST IN: Jared Kushner identified as the ""very senior"" Trump transition official who directed Michael Flynn to contact Russian…",424
424,0.1027,2017-12-02 15:25:34,0.909,0.0,0.091,BBCWorld,"RT @SimpnMild: *hasnt used paint since 5th grade*

Me: are you fuckin kidding me https://t.co/2kZGxjZsAr",425
425,0.1027,2017-12-02 15:25:34,0.909,0.0,0.091,BBCWorld,"RT @SimpnMild: *hasnt used paint since 5th grade*

Me: are you fuckin kidding me https://t.co/2kZGxjZsAr",426
426,-0.8316,2017-12-02 15:25:33,0.672,0.328,0.0,BBCWorld,"@BBCWorld What a stupid idiot. As long as there are such ignorant sexists around, islamic states will remain in their stone age.",427
427,0.1779,2017-12-02 15:25:30,0.611,0.168,0.221,BBCWorld,@BBCWorld @BBCNews I hope for at least 25 years no probation.,428
428,0.0,2017-12-02 15:25:29,1.0,0.0,0.0,CBSNews,"@ddiamond .@ABC @CBSNews @NBCNews @NewsHour @CNN @time @nytimes
@reuters @newsweek @usatoday @washingtonpost… https://t.co/gSKlDJWCHq",429
429,0.1695,2017-12-02 15:25:29,0.93,0.0,0.07,CBSNews,RT @RealCriticalMas: @CBSNews Let us all never forget that three times before in our Nation’s History when @gop controlled all Houses of Go…,430
430,0.1027,2017-12-02 15:25:28,0.909,0.0,0.091,BBCWorld,"RT @SimpnMild: *hasnt used paint since 5th grade*

Me: are you fuckin kidding me https://t.co/2kZGxjZsAr",431
431,0.0,2017-12-02 15:25:26,1.0,0.0,0.0,BBCWorld,"RT @ThankYouFromCat: AGRAÏM a la BBC i al periodista J. Reynolds el reportatge sobre els presos 
polítics.THANK YOU VERY MUCH, @BBCWorld an…",432
432,0.1027,2017-12-02 15:25:25,0.909,0.0,0.091,BBCWorld,"RT @SimpnMild: *hasnt used paint since 5th grade*

Me: are you fuckin kidding me https://t.co/2kZGxjZsAr",433
433,0.1027,2017-12-02 15:25:25,0.909,0.0,0.091,BBCWorld,"RT @SimpnMild: *hasnt used paint since 5th grade*

Me: are you fuckin kidding me https://t.co/2kZGxjZsAr",434
434,0.0,2017-12-02 15:25:25,1.0,0.0,0.0,CBSNews,"RT @CBSNews: JUST IN: Jared Kushner identified as the ""very senior"" Trump transition official who directed Michael Flynn to contact Russian…",435
435,-0.7579,2017-12-02 15:25:23,0.745,0.255,0.0,CBSNews,RT @CBSNews: Investigators in North Carolina say a missing 3-year-old girl is believed to be dead; her mother's boyfriend has been arrested…,436
436,0.0,2017-12-02 15:25:23,1.0,0.0,0.0,CBSNews,https://t.co/vhNUoHXPB3,437
437,-0.2846,2017-12-02 15:25:21,0.779,0.132,0.089,CBSNews,"RT @jessespector: The Philadelphia Flyers also need a win, but when they get it, 13 million people won’t lose healthcare, so don’t frame go…",438
438,0.0,2017-12-02 15:25:20,1.0,0.0,0.0,CBSNews,"Watch @spoontheband perform ""Do I Have to Talk You Into It"" on our #SaturdaySessions:  https://t.co/gfwEyvGzYu https://t.co/06aHQIx9fJ",439
439,-0.5859,2017-12-02 15:25:20,0.208,0.792,0.0,BBCWorld,@BBCWorld Wtf?,440
440,-0.2732,2017-12-02 15:25:19,0.9,0.1,0.0,CBSNews,"RT @kylegriffin1: The White House's proposed budget cut to HIV/AIDS efforts could result in millions of new AIDS-related infections, accord…",441
441,-0.7579,2017-12-02 15:25:19,0.681,0.319,0.0,CBSNews,"The new age of Journalism, no work no sweat  ...a Tweet + a Twist = Fake News @Newsweek @CNN @MSNBC @CBSNews… https://t.co/G9wG7TqymW",442
442,-0.4939,2017-12-02 15:25:19,0.714,0.286,0.0,BBCWorld,"RT @NYCenglessons: jailed: ?????
ripped jeans: ???????

???????????????????????????????????????????????????? https://t.co/hZsbAOpiB5",443
443,-0.5574,2017-12-02 15:25:17,0.841,0.159,0.0,BBCWorld,Women cannot have a walk in the streets of Mataró because they're wearing a yellow scarf. This is the fascist dicta… https://t.co/xFTV2GZYvI,444
444,0.1027,2017-12-02 15:25:17,0.909,0.0,0.091,BBCWorld,"RT @SimpnMild: *hasnt used paint since 5th grade*

Me: are you fuckin kidding me https://t.co/2kZGxjZsAr",445
445,0.1027,2017-12-02 15:25:17,0.909,0.0,0.091,BBCWorld,"RT @SimpnMild: *hasnt used paint since 5th grade*

Me: are you fuckin kidding me https://t.co/2kZGxjZsAr",446
446,0.1027,2017-12-02 15:25:16,0.909,0.0,0.091,BBCWorld,"RT @SimpnMild: *hasnt used paint since 5th grade*

Me: are you fuckin kidding me https://t.co/2kZGxjZsAr",447
447,0.1027,2017-12-02 15:25:14,0.909,0.0,0.091,BBCWorld,"RT @SimpnMild: *hasnt used paint since 5th grade*

Me: are you fuckin kidding me https://t.co/2kZGxjZsAr",448
448,-0.7574,2017-12-02 15:25:13,0.698,0.302,0.0,CBSNews,"Hecklers yell ""Lock him up!"" as Michael Flynn leaves courthouse after making guilty plea https://t.co/NQnCgrtn6c LMAO.... Loser",449
449,0.5859,2017-12-02 15:25:13,0.593,0.123,0.284,BBCWorld,"@BBCWorld For once, weak free speech &amp; due process wound up on the right side of justice.",450
450,0.1027,2017-12-02 15:25:11,0.909,0.0,0.091,BBCWorld,"RT @SimpnMild: *hasnt used paint since 5th grade*

Me: are you fuckin kidding me https://t.co/2kZGxjZsAr",451
451,0.1027,2017-12-02 15:25:11,0.909,0.0,0.091,BBCWorld,"RT @SimpnMild: *hasnt used paint since 5th grade*

Me: are you fuckin kidding me https://t.co/2kZGxjZsAr",452
452,0.3612,2017-12-02 15:25:10,0.865,0.0,0.135,CBSNews,"RT @Adjustedwell: Liberal Media like :

@NYTIMES
@washingtonpost 
@CNN
@MSNBC
@NBCNews 
@CBSNews
@ABCNEWS
@HuffPost 
@LATIMES

Are all Corr…",453
453,-0.6478,2017-12-02 15:25:09,0.763,0.237,0.0,CBSNews,"RT @CBSNews: President Trump reacts to Michael Flynn's guilty plea, says there was ""absolutely no collusion"" with Russia https://t.co/rxJYo…",454
454,0.1027,2017-12-02 15:25:09,0.909,0.0,0.091,BBCWorld,"RT @SimpnMild: *hasnt used paint since 5th grade*

Me: are you fuckin kidding me https://t.co/2kZGxjZsAr",455
455,0.1027,2017-12-02 15:25:09,0.909,0.0,0.091,BBCWorld,"RT @SimpnMild: *hasnt used paint since 5th grade*

Me: are you fuckin kidding me https://t.co/2kZGxjZsAr",456
456,0.1027,2017-12-02 15:25:08,0.909,0.0,0.091,BBCWorld,"RT @SimpnMild: *hasnt used paint since 5th grade*

Me: are you fuckin kidding me https://t.co/2kZGxjZsAr",457
457,0.0,2017-12-02 15:25:08,1.0,0.0,0.0,BBCWorld,RT @BBCWorld: Microsoft is saying goodbye to Paint after 32 years https://t.co/1kXDubBwRB https://t.co/VS7hQKZ0Zk,458
458,0.0,2017-12-02 15:25:07,1.0,0.0,0.0,CBSNews,RT @CollinsNicole07: @realDonaldTrump https://t.co/fVaYTL7Dzn,459
459,0.1027,2017-12-02 15:25:06,0.909,0.0,0.091,BBCWorld,"RT @SimpnMild: *hasnt used paint since 5th grade*

Me: are you fuckin kidding me https://t.co/2kZGxjZsAr",460
460,-0.5267,2017-12-02 15:25:06,0.855,0.145,0.0,CBSNews,@CBSNews it's disgusting how a man who Dedicates his Entire life in Service to Our Country.  and now has to defend… https://t.co/FUMgBQb6jF,461
461,0.5319,2017-12-02 15:25:05,0.671,0.0,0.329,CBSNews,Older People Say YES to Cannabis: https://t.co/7nWbwiN06h? https://t.co/RsrOGZBqGl,462
462,0.1027,2017-12-02 15:25:03,0.909,0.0,0.091,BBCWorld,"RT @SimpnMild: *hasnt used paint since 5th grade*

Me: are you fuckin kidding me https://t.co/2kZGxjZsAr",463
463,0.1027,2017-12-02 15:25:03,0.909,0.0,0.091,BBCWorld,"RT @SimpnMild: *hasnt used paint since 5th grade*

Me: are you fuckin kidding me https://t.co/2kZGxjZsAr",464
464,0.0,2017-12-02 15:25:02,1.0,0.0,0.0,CBSNews,"RT @danpfeiffer: Oh I don’t know, maybe focus your coverage on how the bill affects American’s pockets instead of politicians’ poll numbers…",465
465,0.0,2017-12-02 15:24:55,1.0,0.0,0.0,CBSNews,@CUBASIKASTRONO @TruVoice30 @CBSNews Discussions with Russia were after elections during transition period so had n… https://t.co/h4g2H3tVKC,466
466,-0.8442,2017-12-02 15:24:53,0.622,0.378,0.0,CBSNews,RT @di_plora: What's disturbing is the lack of interest/action regarding #UraniumOneScandal and the #ObamaGate crime spree. Especially now…,467
467,0.2263,2017-12-02 15:24:49,0.909,0.0,0.091,CBSNews,@CBSNews The true is the @realDonaldTrump have nothing to do with the Russian interfering but  some America using t… https://t.co/E3mewyy4R6,468
468,0.0,2017-12-02 15:24:46,1.0,0.0,0.0,CBSNews,Here we go. MSM YOU AREN'T DOING YOUR JOB TODAY if you don't let the public know bill ISN'T LAW YET. The different… https://t.co/3aueAfElYu,469
469,-0.296,2017-12-02 15:24:44,0.872,0.128,0.0,CBSNews,"Who couldn't see this coming several days ago?
Jesusmaryandjoseph...

Mariah Woods, missing 3-year-old, believed de… https://t.co/9tPOjfehPm",470
470,0.5574,2017-12-02 15:24:42,0.395,0.0,0.605,CBSNews,"@CBSNews Sure, Donald, sure. #traitortrump",471
471,0.3818,2017-12-02 15:24:39,0.843,0.0,0.157,CBSNews,"RT @hilaryr: Who benefits from GOP tax plan? ""The wealthy,"" Bloomberg editor @meganmurp says https://t.co/QEfEbuVu5G",472
472,0.0,2017-12-02 15:24:39,1.0,0.0,0.0,CBSNews,@CBSNews Doesn't even know the meaning of the word collusion.,473
473,0.0,2017-12-02 15:24:37,1.0,0.0,0.0,CBSNews,"RT @danpfeiffer: Oh I don’t know, maybe focus your coverage on how the bill affects American’s pockets instead of politicians’ poll numbers…",474
474,0.0,2017-12-02 15:24:35,1.0,0.0,0.0,CBSNews,Do we the people need further proof that #FAKENEWS  exists? @abcnews @msnbc @CBSNews @cnn @nbc @wapo @nytimes #MAGA… https://t.co/6MsQqLo8he,475
475,-0.5719,2017-12-02 15:24:34,0.798,0.152,0.049,CBSNews,All you need to read to want to vote all these bastards out is “Democrats were given the final bill shortly before… https://t.co/NCSHw6jYFV,476
476,0.0,2017-12-02 15:24:29,1.0,0.0,0.0,CBSNews,@CBSNews Of course not ?,477
477,-0.5719,2017-12-02 15:24:28,0.761,0.239,0.0,CBSNews,@CBSNews Can’t imagine anybody would hurt a child. Even animals won’t do it. Feel sorry for her family.,478
478,0.0,2017-12-02 15:24:27,1.0,0.0,0.0,CBSNews,"RT @danpfeiffer: Oh I don’t know, maybe focus your coverage on how the bill affects American’s pockets instead of politicians’ poll numbers…",479
479,-0.6478,2017-12-02 15:24:25,0.763,0.237,0.0,CBSNews,"RT @CBSNews: President Trump reacts to Michael Flynn's guilty plea, says there was ""absolutely no collusion"" with Russia https://t.co/rxJYo…",480
480,-0.2732,2017-12-02 15:24:13,0.9,0.1,0.0,CBSNews,"RT @kylegriffin1: The White House's proposed budget cut to HIV/AIDS efforts could result in millions of new AIDS-related infections, accord…",481
481,-0.5106,2017-12-02 15:24:08,0.65,0.35,0.0,CBSNews,Lawsuit accuses Philadelphia Eagles player of seducing man's wife https://t.co/gUy4ZxLURP,482
482,-0.8442,2017-12-02 15:24:04,0.622,0.378,0.0,CBSNews,RT @di_plora: What's disturbing is the lack of interest/action regarding #UraniumOneScandal and the #ObamaGate crime spree. Especially now…,483
483,0.0,2017-12-02 15:23:58,1.0,0.0,0.0,CBSNews,RT @Megha_Aggarwal_: @MohiniS20131066 @CBSNews Selfless services by Asaram Bapu Ji is memorable. #?????_??_?????? https://t.co/LVuIsRq93s,484
484,0.128,2017-12-02 15:23:52,0.786,0.096,0.118,CBSNews,"RT @SLadreda: Wake up America stop watching 
.@ABC .@NBC .@CNN .@MSNBC 
.@CBSNews they're all #LIARS and yes .@realDonaldTrump 
.@POTUS is…",485
485,0.0,2017-12-02 15:23:51,1.0,0.0,0.0,CBSNews,@latimes @sfchronicle @portlandtimes @lasvegasweekly @seattletimes @KISSFMPhoenix @dallasnews @chicagotribune… https://t.co/V8OyreAemz,486
486,-0.2942,2017-12-02 15:23:49,0.564,0.26,0.176,CBSNews,@CBSNews And @realDonaldTrump @potus is lying like he usually does!,487
487,-0.4753,2017-12-02 15:23:48,0.846,0.154,0.0,CBSNews,"RT @CBSNews: Hecklers yell ""Lock him up!"" as Michael Flynn leaves courthouse after making guilty plea https://t.co/2oVFmijMJy https://t.co/…",488
488,0.128,2017-12-02 15:23:47,0.786,0.096,0.118,CBSNews,"RT @SLadreda: Wake up America stop watching 
.@ABC .@NBC .@CNN .@MSNBC 
.@CBSNews they're all #LIARS and yes .@realDonaldTrump 
.@POTUS is…",489
489,0.0,2017-12-02 15:23:47,1.0,0.0,0.0,CBSNews,RT @XPOSEDMAGAZINE: OTRO JOVEN ALEGA FUE ABUSADO SEXUALMENTE  @PedroJulio pronto mas detalles en https://t.co/IEb6izMfLA  @CarmenYulinCruz…,490
490,0.0,2017-12-02 15:23:46,1.0,0.0,0.0,CBSNews,"Netflix announces third season of ""Stranger Things""
https://t.co/kd6rKHu33Q",491
491,-0.2732,2017-12-02 15:23:38,0.9,0.1,0.0,CBSNews,"RT @kylegriffin1: The White House's proposed budget cut to HIV/AIDS efforts could result in millions of new AIDS-related infections, accord…",492
492,0.0,2017-12-02 15:23:38,1.0,0.0,0.0,CBSNews,@CBSNews  https://t.co/t9VNfXFCO1,493
493,0.1867,2017-12-02 15:23:34,0.92,0.0,0.08,CBSNews,RT @FaceTheNation: .@SenSanders will be on the program tomorrow to discuss taxes and political victories for Democrats. Don't miss it! http…,494
494,0.0,2017-12-02 15:23:32,1.0,0.0,0.0,CBSNews,"RT @CBSNews: The first baby born from a uterus transplant in the U.S. has been delivered in Texas:
https://t.co/5i0f6j2ZB7 https://t.co/c5y…",495
495,-0.2732,2017-12-02 15:23:32,0.9,0.1,0.0,CBSNews,"RT @kylegriffin1: The White House's proposed budget cut to HIV/AIDS efforts could result in millions of new AIDS-related infections, accord…",496
496,0.5106,2017-12-02 15:23:29,0.852,0.0,0.148,CBSNews,@CNN @ABC @CBSNews @NBCNews This is our free false equivalency Press we must defend. We need journalists to report… https://t.co/3RiDeT88P1,497
497,-0.4939,2017-12-02 15:23:22,0.714,0.286,0.0,CBSNews,Shameful.  That should come out of his pocket. https://t.co/6rNcUDuGyw,498
498,0.0,2017-12-02 15:23:22,1.0,0.0,0.0,CBSNews,Who didn’t see this coming a mile away? https://t.co/6FLOkJ2pc5,499
499,-0.2732,2017-12-02 15:23:19,0.9,0.1,0.0,CBSNews,"RT @kylegriffin1: The White House's proposed budget cut to HIV/AIDS efforts could result in millions of new AIDS-related infections, accord…",500
